"","PC1","PC2","PC3","PC4","PC5","PC6","PC7","PC8","PC9","PC10","PC11"
"LBPSEMA4BRAIN001",-6.96964198127394,10.996202576618,3.89074036149489,-7.15843041988681,1.7641168234663,-1.51387888309291,6.81743234754602,-1.35619128077493,0.515301683589444,2.8026558115731,-0.450992019181582
"LBPSEMA4BRAIN002",-6.48905413479094,0.00338512073444076,0.112183946641309,-2.63838858043956,-6.38387251429879,5.79038283526566,4.56379595071282,0.0671066135525809,3.50732472279299,-1.51289936768505,0.33810089016202
"LBPSEMA4BRAIN005",14.0128578332465,5.7408708804842,-0.895315697972349,-3.97663171716426,4.78352487561525,2.15758370122078,1.53511793252756,2.71370747027325,2.93681938526816,2.17599559773339,0.782352591148606
"LBPSEMA4BRAIN006",22.115624700969,3.73335135874795,-4.74534904461579,7.60466333459348,-3.47654383788529,3.81085552883457,1.74768477124938,-1.88351190769874,2.42557673729572,-2.6518749987382,-2.87615086706949
"LBPSEMA4BRAIN008",-27.8508643961928,1.81323132598655,3.96230513627195,-1.06766181545844,1.93770847815584,2.37341520881152,4.83216850152628,-1.03393245446389,0.37828614286797,-0.336968151195964,-0.644449505178186
"LBPSEMA4BRAIN010",-7.44543593608248,3.63444185031294,-3.20946347668576,0.429096698841718,-4.45960807918854,4.02821371902625,5.2088059929168,3.1428968052712,1.39557110979143,-0.470255110050593,0.64567800590041
"LBPSEMA4BRAIN014",2.24488175671292,7.25176431007818,3.70925683970111,-2.31158724072306,3.18863228540588,-1.87877049751523,2.96036566252818,-4.27558383046499,1.59296857276137,-0.405445872705227,0.221825479786713
"LBPSEMA4BRAIN016",-24.2535677732847,-2.3380936699973,2.16086353247474,3.66217963983219,3.23480499609297,7.49839497354058,-2.95575027582566,3.11197447673024,-1.8203091634328,-2.03245070733258,-0.187997831895747
"LBPSEMA4BRAIN017",-0.661817018589141,-20.8756434823767,4.84433292660127,6.40428210267189,-6.53402194994895,4.25355023675608,-0.907197732171533,6.15226943471864,1.88187321170348,0.533192109635379,0.496816182021097
"LBPSEMA4BRAIN019",7.88011868994115,4.82938760751505,-6.45537382829729,9.52768536301766,8.89895818790618,4.253844378394,2.77072397935908,0.526924646137802,-2.51381022012107,1.15023977814277,-1.31160242380541
"LBPSEMA4BRAIN020",-5.35031642173924,-15.7492837144,8.5841288338457,2.85396428468798,2.94720653102622,-3.80731957670173,1.91099652616581,4.20523375296524,0.866885423153329,-2.8828230680581,-0.662097473036077
"LBPSEMA4BRAIN025",6.7843995402898,-1.61344285404429,-3.24652723862045,-2.96808353404233,5.05150721386439,9.08881341203253,0.78656457481961,1.42765928534004,-4.2508396559444,0.71345810425604,1.05540701285919
"LBPSEMA4BRAIN030",-20.8677071724776,-12.653339464642,-8.11091348670431,-1.93429609748135,-4.880787367281,-0.126100008069408,-0.160596166628384,0.753949113180361,-0.87533546129027,0.5377341927372,0.111741425307781
"LBPSEMA4BRAIN032",-2.73481403566237,-6.11231361481227,-1.83978121910252,-6.02678415444583,3.57143444350826,4.8960463572698,-0.447661574857615,2.30913393668573,2.39875143730489,1.11520212443407,1.15280693153837
"LBPSEMA4BRAIN033",-17.7748194958708,4.37760862513462,-0.346672481090794,7.4637739116835,5.54672121655134,3.18617572328675,1.93190739733024,-1.07345974295202,-2.80081225334953,0.789506837397927,-2.21266981494235
"LBPSEMA4BRAIN034",14.8596077846714,0.605230851680411,7.48125729037611,2.59377524387246,-9.0412755290359,-2.36818073445901,2.37624686873273,1.97657089080079,-2.69622908440989,-1.88531366567422,-0.193897362063751
"LBPSEMA4BRAIN035",-10.424992107373,18.679311945867,5.56373173460189,3.55816387536058,-5.05387212304426,3.04380699128299,-3.62284943200072,1.26755927669159,-0.439477393163826,-0.562285721297755,0.215296173003108
"LBPSEMA4BRAIN038",13.8004656654232,4.59934543303455,-9.045451029835,-1.26926748151893,6.58958893377046,-7.5737873294032,2.72589477630085,1.369552918889,0.390668310862238,-0.45768195633545,0.0963066156069817
"LBPSEMA4BRAIN039",-4.32875155573158,21.4771338603107,-4.50540093123819,17.5406324543616,1.06285332587738,-1.25746323286411,-6.79517855016422,9.20958111992544,5.70843084501227,-0.86595027739589,3.87564391523408
"LBPSEMA4BRAIN044",16.9438964160963,3.79422385456867,4.72580357133995,-2.39225462749557,3.54960889257126,2.3537388006889,-0.58234749050981,-5.84669114306563,0.827894840504179,-3.72572175460925,-0.160760407694216
"LBPSEMA4BRAIN045",-1.54895056895571,6.34834545913517,-4.92790939937884,0.941360052668808,-4.56968493681461,-0.0700190333015287,5.74845798070467,-1.54919182109508,0.194352548078962,4.98937380060117,0.232625851195843
"LBPSEMA4BRAIN050",19.9930017003427,1.93041075446152,-5.71956994335138,2.98924698929441,-5.36250423017714,0.298817321878912,4.75839324885344,1.64003375446809,0.665874876301685,0.289318852297268,1.57370135282136
"LBPSEMA4BRAIN056",-6.02629270671358,8.66934026894541,-2.19777150670199,-0.69003425538539,3.61852742499864,-5.81339655950144,2.47946023751076,2.80821019234015,1.73808906330152,-0.202418908050203,-0.385081416380515
"LBPSEMA4BRAIN058",16.1905511524444,0.613197753670369,-0.300165636705242,2.76742425470084,-6.25744674628496,9.78163497039557,-0.855223850841706,-2.03403617168734,-5.79151676850717,0.243653456994127,-3.76058492473546
"LBPSEMA4BRAIN060",24.8032562202935,0.123763497785889,-7.62403219444294,2.50244407847254,8.00715325901628,0.0647732292878497,1.3815026486063,2.84629088262162,-3.92971837619792,-2.71823788068943,-5.22148584404094
"LBPSEMA4BRAIN063",-9.12342494570657,6.83440846254333,-1.53899400459166,4.66371976705219,-3.5011764738997,3.41812513212919,1.51333101029513,-0.194401428381095,0.651924268507044,0.294173096695227,-2.26324896834412
"LBPSEMA4BRAIN064",0.453577422860529,-17.2211700010935,11.3749410252647,-4.91213485814772,1.19111432838079,2.17714155443055,2.51050717449308,1.99009775752496,0.385176042654548,2.41263936071593,2.27635593220439
"LBPSEMA4BRAIN065",-19.2104655970438,-6.53574816102554,-9.60142060332785,1.23010165945732,-3.61200370224272,-2.44009616813437,-0.143233885396611,1.80881468237352,2.30479152061487,-0.700325692696419,5.92142729297676
"LBPSEMA4BRAIN069",13.6990895965657,-1.42498746343383,-3.80453554329782,-2.80703802669874,5.46170969124182,7.25757490699192,-2.32957167447139,3.35296133797917,1.02424037943512,-0.898848714154879,4.87653775173285
"LBPSEMA4BRAIN077",-0.511096074704179,-12.4232354586565,-7.19473689017985,-11.0011725218645,3.92665461881113,6.49345036430259,-2.72496166398927,5.74750669622236,2.38001607764156,-3.81653641998144,7.41526750846817
"LBPSEMA4BRAIN080",12.1703713125983,10.0341462360809,-3.75670374328984,1.32840529242251,-5.88654276618375,-3.56196439248796,0.191527204218822,3.22467072838477,0.866847123686034,-1.50389135875174,-0.0651810202292452
"LBPSEMA4BRAIN084",-17.7546673334082,-11.6043447722715,-5.24375515446162,-6.39743998132772,2.73251290207964,-3.39458504837541,-3.12613322816003,-1.42527551796672,0.71601247061585,-0.604148527139402,2.42764922004018
"LBPSEMA4BRAIN086",8.49797316404362,-2.14205001426129,1.87531077305024,-3.38293360418869,4.97467211069143,4.63922865551294,3.4099643859286,-3.93796555987278,5.49135422629514,-1.74169041790967,-0.528093048263566
"LBPSEMA4BRAIN088",-10.9625040225677,21.1308090474732,2.93580164376823,3.69680745110242,3.3494802214461,-2.10186774887978,2.28120303761518,4.6424596719884,0.56939865191691,-3.34393535951531,3.60766096171398
"LBPSEMA4BRAIN089",6.12228427810879,8.56961282118026,-1.67734751727857,-1.31141728502016,-6.30107896440831,8.29871811791849,-2.28266731247892,0.5096601300487,-2.1772259266131,4.10960866776625,0.0544472531124201
"LBPSEMA4BRAIN093",17.0519917716602,3.98195413744641,-3.40421631044293,4.90225547565127,6.93401435057939,-5.31174983267158,1.4320951596866,-0.843142875862368,1.8533995204315,0.741979003628034,-1.11819842747306
"LBPSEMA4BRAIN099",-33.4651928128132,-1.18676959479931,7.35030614193374,1.87798682827302,-0.394468826255354,-2.91413739031518,-1.23036570252868,-3.03225874743698,-1.89665016572336,2.80582444310599,-2.36487864653679
"LBPSEMA4BRAIN100",6.46002388381207,14.1354149153241,-2.86833184971763,-0.278070258247447,-5.85960834571181,-4.65158731547169,1.34171730212587,6.15070304022282,-0.628272666397356,-3.5299028281477,-2.67550621230098
"LBPSEMA4BRAIN103",5.93519317297443,-12.9270555322326,-9.74294275182445,-5.90317319116417,4.48529648165537,-7.792508924043,-1.6144834297225,-0.999194367706316,2.77841706812754,0.305325982728596,-3.88474277536066
"LBPSEMA4BRAIN110",8.80261398479096,-5.02133277916218,-12.3951120062709,-3.30337008833024,-5.93210559323091,-9.75170353025384,-1.18292747355326,0.32147763962133,2.69573172019001,-0.0167812864012476,-0.84789323249685
"LBPSEMA4BRAIN113",-25.7323244511257,5.03875283320309,0.122505362760429,-3.01844616424278,2.53131009147538,-0.502219612458809,4.17065571210001,1.51913418125245,1.51317458259762,-1.18331850058863,1.89769476650684
"LBPSEMA4BRAIN115",-4.52146296450228,-25.0487142786092,-10.727199978795,-0.0805075892959192,6.08252061967607,7.53002635666106,-7.26816864251757,-0.200189643893574,-5.67186812573383,6.13123079902232,-3.27885206460734
"LBPSEMA4BRAIN120",16.8377493999141,-7.70113511542887,13.9565077701755,0.326684048578227,-10.9821676142108,-1.84457520061444,-1.20286840733356,2.07782874392482,2.6686282410936,2.38723718013847,-0.883777969799555
"LBPSEMA4BRAIN121",7.96008735409073,1.06936392253312,-6.89254210504351,0.674884548948631,5.68338097821343,-3.11593826424965,3.2714058823229,-1.97065946731712,-3.8610260712906,-2.23334240843038,5.97341548700034
"LBPSEMA4BRAIN122",1.3449659580096,-1.36430354475707,-7.48596266473773,5.14719030162674,-3.92384377237032,2.54828009549955,5.03887392383748,1.71829072683873,0.999227266899116,2.45944685176067,1.69100743720076
"LBPSEMA4BRAIN124",-4.23249810575639,11.5828535038917,2.68575644584302,-10.8587120556179,-9.09165082174509,-1.2742047378501,3.45793944389528,1.11197728461933,1.91701377162817,2.0578046683648,0.31048398443147
"LBPSEMA4BRAIN125",7.86837304216177,5.18605905409285,2.40443728551194,-0.892723726063648,3.93607570458392,2.82310771196755,0.279235738600118,-0.868238866445865,0.741442847174622,2.14771798449706,1.6774407276331
"LBPSEMA4BRAIN126",10.0691449360301,2.57531590870978,-3.19677019530342,2.06685658257352,5.93908533176332,-6.18273884091438,1.88925490665677,-2.35913657316302,-0.1137711350751,1.37218054813447,-4.35465425349239
"LBPSEMA4BRAIN128",16.2721189875738,3.1788810569254,-3.85167349723195,-3.25002752361949,5.42514863056314,-0.443835232226776,3.62567809210174,-0.0481312495840202,0.685094764427467,1.27178472933582,0.280060786143403
"LBPSEMA4BRAIN129",-3.18212301844445,-12.6133176707267,-2.15529766505693,-4.38627009251569,3.67992527627101,5.43281871842804,-6.17995927622629,2.2026215460994,-0.0471395887329466,-5.2012570886675,2.57416242410269
"LBPSEMA4BRAIN131",-0.916370889362445,10.3181208072543,-0.689338735236138,1.72727505432925,4.24633654114602,-6.12324389125399,2.10560050837647,2.08520286372044,-2.76992924755734,0.738117429312548,-4.43334299549769
"LBPSEMA4BRAIN135",4.43566431969454,-4.80362273326754,14.0577489567104,-0.456410910132493,1.7129987974739,-2.59626508143184,5.49925078882407,1.43388314643979,1.7838104272446,4.43324218063036,1.56642135226156
"LBPSEMA4BRAIN137",-5.07222969198246,6.43624626986372,-3.23187379648709,-2.21616402673753,4.51603519458005,-0.692282416711048,4.67614761548464,3.38633275695336,0.773677668527362,-1.96354604021783,0.293044420094508
"LBPSEMA4BRAIN143",-2.44169014215851,-5.91268816787156,-10.5898368532761,1.58855745413457,-4.02143006041421,0.530427666975315,-1.58734254353651,7.2534826546363,1.5851930236908,-4.00350670233786,0.963466198336138
"LBPSEMA4BRAIN145",-3.11212100709334,0.65086082195059,-2.77110437418911,-2.36754030769046,-6.22740395689188,4.91558053780136,-5.64824155477523,-2.3889838850061,-0.477875336874705,5.9545148331019,-0.930820876604889
"LBPSEMA4BRAIN146",14.1401822859321,12.6759434758676,3.60334260108319,2.09161820745406,4.68830146733763,6.83674080109591,-0.0404794273029501,5.1606425417648,-2.49060722107852,-1.32761981992269,-1.8055400096921
"LBPSEMA4BRAIN149",3.6262322299404,-0.210066148650488,9.40360925135056,-6.0738827698804,1.30179689847435,5.40030749464436,-7.50546228325653,-3.29876517427985,7.89786781734183,-6.65665724296248,0.11913745016089
"LBPSEMA4BRAIN158",6.72366993529057,-5.07639443786372,2.30880156666906,9.03840772616905,4.17724819101904,-3.15627512605899,-0.656389433067968,-15.2851829463971,-12.2864620053152,-1.28802051371633,-1.07824963323582
"LBPSEMA4BRAIN161",-6.09055240158045,5.20728843268538,0.857893560883927,-8.57725828349928,2.11557682699046,2.72762931318667,-2.35905624613122,3.56556090005981,-0.515471603904284,1.06583121680239,-0.234031866954162
"LBPSEMA4BRAIN164",1.8455127758393,-4.43945640331615,-6.6887680028858,-0.0723035671359021,-5.16283100242204,5.20540706600458,-6.96505901824588,0.815451000587631,3.42261629639124,-0.953109330282286,2.06062950796019
"LBPSEMA4BRAIN166",-3.52664179779315,-10.7789662038223,-9.27930591019342,-5.35628201927397,-6.2199946663862,0.286228511939135,0.360583796664829,0.0449516478213609,-0.0883658424448719,-1.14529952160625,4.27733611837385
"LBPSEMA4BRAIN167",-8.85223502776162,3.1359435158683,-2.40097725200727,-9.51787912791896,1.55327786322418,-5.73822581862219,-0.499346572516587,3.03044317347455,-1.06448163250425,-2.43648980433036,-1.66998659976458
"LBPSEMA4BRAIN168",-2.44446472399194,5.07657395763023,-1.07492069874854,2.3516420917341,-4.79050434643828,7.77842836222619,1.23694215326491,0.377620358853587,-1.89898922059478,1.29345328907023,-2.69539967155511
"LBPSEMA4BRAIN170",-8.41351855316455,-15.0892398135024,10.3135743078221,6.24242514007483,-9.56270109117555,-1.16155889062067,-10.8542219695062,-1.91968894154159,-1.52076441553891,-1.57012674654947,1.41761985822969
"LBPSEMA4BRAIN172",0.370856919819636,12.1995939360362,6.73523398047382,-4.35641527845912,-8.0188146586155,6.61456528404024,-1.97775312141241,1.78461028920769,-0.856986719589723,2.69935128542522,-2.72623703440261
"LBPSEMA4BRAIN173",-21.2139251594118,-13.0083486627469,-5.63104913194088,0.732706535788097,-5.43789972880722,1.93334776770605,-0.825104173095984,-2.58222686862306,-6.8403788547729,-3.69605756051549,1.85379098838898
"LBPSEMA4BRAIN175",-2.93623538772496,12.6453925731418,0.465029410436379,-7.10775839568564,-8.19265091496589,0.0979855360415322,-2.04053364182518,2.01446022917107,-0.365007431540002,-1.55488579541903,0.45665282458471
"LBPSEMA4BRAIN186",-1.25927207514597,4.39466131990668,-4.2899674427459,-4.0827611984485,-6.11490351646441,0.027823530150804,4.7549649024878,1.23145430134709,0.635971848281076,-0.256796505811071,-0.782397675193171
"LBPSEMA4BRAIN187",28.2700915925275,-5.11033352150332,0.527195616845884,11.6372247085253,-4.67740224491352,1.77855037327776,7.36393516003643,5.33724867993731,1.86658324457836,0.701659092486748,3.2649256730391
"LBPSEMA4BRAIN192",25.8753061262912,-2.13939350043489,2.40042151248498,-2.33645093964868,-8.58483767879422,3.2171228311513,-0.448656693260985,-1.56731296019243,4.47711691723326,0.691081105123173,0.986141378233283
"LBPSEMA4BRAIN194",-20.1660007333838,-12.5909704784812,-6.70594705391585,-0.664948780906588,-5.53746684406885,1.18544966875655,0.521541207312672,-2.21423713311655,-6.30480746638948,-2.69161299262653,1.2308176129674
"LBPSEMA4BRAIN195",17.0114775118941,-13.1236801822706,10.5751109038425,-5.70564663524908,2.39187973948342,1.64537050901399,1.86959321226396,5.86584756284274,3.56507691801617,0.704652649814283,4.03790264282714
"LBPSEMA4BRAIN198",20.1438176419964,-2.56383987171397,-8.55848850199119,-4.45783686509561,-6.76922965573315,1.55172417223685,-2.03278620501826,1.33502615886526,1.91394898669341,1.43229239014353,0.347047592368656
"LBPSEMA4BRAIN199",-28.6126329401348,-7.92904765450129,-2.21286278069312,0.000719479670496452,-5.45307752771257,-3.31632816923863,-2.24723148141667,-5.03834908493022,5.188094766175,-1.10270709940806,-1.0529010360704
"LBPSEMA4BRAIN200",-1.53720875384971,-11.4242294865929,-10.7884757747686,2.5806528111664,-3.4653031114983,-4.12069563698131,-0.986340376088323,-2.53791125120945,6.93690055997674,-2.14114862782105,1.30673748124362
"LBPSEMA4BRAIN201",-25.4004865821959,23.1338424165504,7.09983612788245,3.16018469385429,0.235721348230507,-1.47406839950829,-4.412402438165,1.59203088501423,0.199359357520323,-5.01048657828462,2.00607752333719
"LBPSEMA4BRAIN202",22.5608925757686,1.14770332520477,5.01174662854044,-6.61333885796163,3.6286489399892,5.9579847102733,1.10309346167878,-6.67208860673478,5.2186878507557,-1.28420164234388,1.27358960791509
"LBPSEMA4BRAIN204",-31.7732260082211,4.99749591835314,-1.98483301616711,0.994470212949091,-3.7415250667074,0.322862621642019,0.33835218623515,-1.13194380356109,-0.12378562652632,0.542105408203147,2.15028393263412
"LBPSEMA4BRAIN205",-14.7145014028817,3.7451485352526,-0.572166904421506,7.2639955126855,-2.97073380466197,0.65781349243385,4.38017883570943,-1.93397998469838,-2.07866520585631,-1.71848481716651,-2.15399425287235
"LBPSEMA4BRAIN206",6.99651150223321,4.49397048446853,-0.780200066093191,8.67390155114174,-3.4004728715759,0.8201047431741,0.502188310953573,-8.70137834533397,5.97415534149971,-1.5001813612277,0.460299652433134
"LBPSEMA4BRAIN208",-6.7105982024749,7.52885488066473,-2.85112950742823,-4.28279742140243,2.74336982536203,-5.03901628468089,-1.00069241667209,2.42679104399266,-1.16358514973682,-0.0242169102037963,-1.37798309599946
"LBPSEMA4BRAIN210",-1.05390704329759,9.54943548405168,4.29732410566697,-9.67282874515393,1.07068578662896,2.86294888142908,-2.50508887524024,2.34837041533242,-0.723874257152959,-0.33590549346072,1.80120057293621
"LBPSEMA4BRAIN213",-16.8546417223444,-12.9905671133044,-3.71060018071389,-1.06379853690388,4.65534186105589,3.06758844322939,0.138155525115868,-2.88625998160631,0.988561182127442,0.988523640598156,-3.3709217203576
"LBPSEMA4BRAIN214",-1.11847186991077,3.31321960710318,-4.34834531464962,-5.50495684683217,-7.06329749917064,-5.29832603138129,5.81533340386398,0.623179282250133,1.26370613660945,4.07332641935452,-0.614776376251469
"LBPSEMA4BRAIN217",-4.96082183847466,-22.3121460469274,-5.39894196204487,-1.60025028823513,4.81353226465451,1.16009777464262,-7.95663302189068,-5.67984824747866,4.6916403317903,1.25556155370493,3.08590878348354
"LBPSEMA4BRAIN221",10.9102945745184,-4.6085006576071,9.82255933746187,8.80311471631443,5.30302728743047,-1.69087924874164,2.54515006860399,0.978578055507868,2.02945380666018,3.71324842746064,1.89070249621872
"LBPSEMA4BRAIN222",6.21125643778319,9.75176115566511,0.0614882667326161,-10.2224688833661,1.44383283915937,-6.15213110046328,-8.76803000707356,1.81021760263433,0.000186317791960356,0.167490744802292,-0.793460666869894
"LBPSEMA4BRAIN223",-10.0337981256945,10.2645175039784,1.87669043587319,4.27914021410891,4.19795020129673,1.01805126258949,1.11091970103214,-1.66201193760203,3.21557770699321,-1.24154408995002,0.684129510983912
"LBPSEMA4BRAIN225",-14.5072484903561,6.77920487422026,-6.06511308154733,0.864932683542839,-4.4095285147079,-6.65351263760947,-0.328898291722244,0.979055114910748,-0.149197433138509,3.21626921327527,0.669803910022203
"LBPSEMA4BRAIN226",20.3549071391829,6.12915217445488,-0.167399704068991,2.54321081015836,6.10738213176398,1.01739423752747,3.68294623534349,-2.36283223908464,-3.52513424258417,1.9244434229307,3.48237077816691
"LBPSEMA4BRAIN228",4.23444259593652,14.1550365744313,2.18737555388295,0.0610456848045139,-6.322724846284,2.97027766807701,-5.32068101140863,1.52353213807451,-3.31730157164544,-2.06598343985589,3.10900606478596
"LBPSEMA4BRAIN230",11.5178427647698,7.58451849676888,-5.33518593769904,2.55156560509075,-4.7131510550758,0.293773067081306,0.720755197558767,5.46484065470009,0.65076777385802,0.794918722377426,-1.01066020273235
"LBPSEMA4BRAIN231",-9.8101401595308,-0.634784188730706,-3.97639395334512,-1.09190409115089,4.66741022364069,-2.62636882809074,-0.163304082548675,-0.926441353548155,1.92935511181304,5.05458907768978,0.949952160260697
"LBPSEMA4BRAIN239",-4.80534757269518,-13.4580771297505,9.03908769022291,2.41487804369725,3.1446887890042,-1.58839307552979,5.0467266152055,2.10665294781679,3.49169891448115,0.435974150810875,0.606119498902343
"LBPSEMA4BRAIN243",17.9035503561933,1.53975532950063,-2.61791655898042,3.42941073713891,6.82811388371467,4.63987202282893,1.38006275656034,-3.23548698298372,1.55597462960214,-0.400006392414704,-0.684894132913537
"LBPSEMA4BRAIN247",-23.1611995146469,4.2675028445207,0.744423343022561,3.14655777107873,-3.59287479417933,5.37070679813605,4.06976578133957,1.3090094579097,-0.613491681204296,-1.07082671012263,-2.3160551850897
"LBPSEMA4BRAIN248",7.99593814775225,7.29862038701525,-2.17261336345528,5.52272249717604,6.94426229035617,5.27002705067179,-0.788228144304628,2.09522142851863,1.19222369982963,1.91748286111662,1.15886461474305
"LBPSEMA4BRAIN254",13.976281878363,2.30520005905304,8.8293785588046,2.51913659015453,2.67525967446234,-2.31244433247347,0.149548274032206,7.06086597975251,-0.984015913404392,0.377252707304695,1.31856471296229
"LBPSEMA4BRAIN259",-34.7927625974064,0.0520024385733973,4.2100095819556,3.13572332216534,-4.77742238468708,-1.51639336477642,0.291426973649559,-0.282933671789633,0.385748070742221,0.601425260233169,-3.52282159720144
"LBPSEMA4BRAIN266",9.43350344015552,10.3460976763121,-1.24446106809606,-1.1717987370143,4.09193693404892,-2.06788178118793,-1.12362386338603,-1.18253021488458,0.0838668328772677,-1.57506403197791,-3.76078066085335
"LBPSEMA4BRAIN268",2.95383253873063,-0.0205598974361107,-5.62558228022564,2.24157190176916,-4.56259177447818,5.90483492625701,5.11638478525029,3.43979552224119,-2.39737393079939,-0.0645023543178085,-1.21580502652499
"LBPSEMA4BRAIN269",-1.78079729646018,11.6079116943809,-1.85436131484887,6.24228977138645,-4.02996598177397,1.58902593961321,-4.66731778079371,0.237291119667932,0.314910489601136,-3.33583912487238,1.09694782507762
"LBPSEMA4BRAIN271",-21.4439630829724,-4.84618309829985,-1.22352428287112,1.10857818866615,-5.12870918948668,-0.657769387653586,1.85094007235065,-3.29356383866351,-0.543665237688814,1.16362821137542,-2.3810894481138
"LBPSEMA4BRAIN274",34.284729007758,-9.32953677681249,-13.6424027528121,8.36188928851242,-4.31513662516824,-0.368309652175217,-10.7513745627387,0.106164035337984,0.000146526684989811,5.65652896944077,-1.92202120666271
"LBPSEMA4BRAIN277",4.71082371082016,0.147601097311477,1.97918002229546,-3.17386019247797,3.47407821375342,6.82397340102311,-5.70842710590629,-2.36901979232948,-2.13045678744106,4.33073264049834,-2.61281265006439
"LBPSEMA4BRAIN278",-2.06483692296355,16.7734207714971,1.74525443247414,-0.609769494089983,-5.60716410737745,1.48914305831799,-1.51286246483552,0.171179949555347,-0.0314948289536141,-0.486176800204171,-0.704085929199614
"LBPSEMA4BRAIN279",-26.6838456014547,-4.74129668201236,0.149831147570519,-5.72952946612957,2.18677385394387,-1.8520447054458,7.175059805047,-1.57525768954553,0.160561589000733,4.25599214823166,1.52891145547045
"LBPSEMA4BRAIN282",-29.2884119814615,0.981988025686946,1.95447947698901,0.423327953129475,2.96357205487384,2.46843331471504,4.1441976222859,2.81096049417338,-1.50130575628192,-0.307290532270452,-1.39756434807498
"LBPSEMA4BRAIN284",9.20620524226255,9.53924097569334,-6.84952174397667,6.58579711893765,-3.1493600538076,1.00581018363052,9.40201560378185,1.09520923127647,-2.12276915398522,-2.09597536403912,2.8320737131726
"LBPSEMA4BRAIN288",14.297367494896,-4.72753446996154,20.5825711643349,-0.70828122187803,0.198235281779231,-2.70782968127613,-3.70755965828692,2.63607599865749,2.56658935135905,3.26085089743519,0.490792641635376
"LBPSEMA4BRAIN289",10.459844551249,8.65453874371673,-8.9523905965892,3.99766591034638,-3.27863978269056,-3.12134872057104,0.455579343853907,4.0534196496709,0.253492048534085,0.414784456977899,0.217452610347934
"LBPSEMA4BRAIN290",1.79096477481896,8.71227988201057,15.2718190611978,-9.86138789393941,-0.736588222045515,5.38461984655134,-6.09499270960628,-7.85374661833263,8.20788893676123,-0.615890148521284,-0.483052823642326
"LBPSEMA4BRAIN299",15.0815221957365,1.97264273258527,3.29600116777583,2.95877010141145,5.37198825076301,4.96339753959082,3.05197234767077,-3.63575001488485,-2.74509199709594,-0.486069717363122,0.994438310666303
"LBPSEMA4BRAIN302",-27.1297899203668,-0.209309483910835,-0.918513561876752,8.67371144692293,5.15175833230843,2.66716799346657,-0.445338675469716,-1.52712721070078,-0.3195634593561,2.24669483428604,0.175179510550134
"LBPSEMA4BRAIN312",-14.3482336063794,-5.08589499208671,-1.09800526251707,-5.15357601623558,2.97959781153159,-2.46199181989342,3.71262579858957,-3.04503054843634,6.27797160087064,-4.94034589098898,-0.670928209839848
"LBPSEMA4BRAIN313",3.46307910468047,4.46955617245543,-11.6095154748374,1.71507928119731,-3.50493958755582,-8.43717841804004,-1.81495836847274,1.48864630612201,3.34291984924201,-0.245420636285661,-1.83669536440911
"LBPSEMA4BRAIN314",-9.90740662671849,11.7446561344377,0.322229295371765,-0.334253404247733,-5.64851091200008,-2.14314254290104,-6.794888500374,2.38934195263453,0.685047529005093,0.200622954100272,-7.96957710770415
"LBPSEMA4BRAIN315",9.21267748036964,12.8808114009314,3.60173961271787,-1.07497171639405,-7.83919933199014,5.44616921191469,-5.05047492369982,4.89340361480585,-1.5986609482822,0.124815958767183,-0.464313107660806
"LBPSEMA4BRAIN318",-38.1744420833812,10.4437061796087,7.14621080282139,3.6478482451157,1.88360567325678,-3.67894491237778,-7.70003016739087,-2.6295144655094,-0.675467303597954,2.24486332101443,1.60733582918086
"LBPSEMA4BRAIN323",-0.547766673444755,4.00885221530367,-0.0423701239404496,4.11481544737217,5.61896518060417,5.02334013176835,1.69002344603456,1.93796960697585,-0.504843796626186,-4.90931082257318,0.166615806999684
"LBPSEMA4BRAIN325",-12.3732856098789,-27.8857210850307,11.5682469301283,1.55058862077917,2.08559930757519,-1.43909978880741,1.60644661776448,4.97064300431706,-0.53162965876286,2.85952434652915,-1.27186427869666
"LBPSEMA4BRAIN331",19.0069419989463,7.72896347194762,-5.01207898544137,-2.4351395076479,6.20241018401877,2.85536823793049,4.86160227528299,4.88749100919456,-0.603420744344703,-2.40180477408269,0.498315481986542
"LBPSEMA4BRAIN333",13.3208235980281,-1.91431555254618,-0.269562856991505,-1.79631881875901,3.99840190613207,2.32560695560283,1.0164518683954,-6.18491566968423,-9.36296286181526,-2.1799980293339,-0.762823247191077
"LBPSEMA4BRAIN336",24.9010828467463,-7.36076788302278,8.4656460265268,10.300117280524,-7.17308876010306,-1.23326587521715,-0.808108218832902,1.26144104845646,-1.04533430498408,3.64926606642164,-0.186337044133075
"LBPSEMA4BRAIN341",-17.4148874955606,-23.6554650161386,12.4567152981046,2.84559850913646,1.70744917327952,-3.27138022135866,-0.424151798003256,1.62901556350447,-0.355773699152062,-0.755799116303803,-2.74997872847689
"LBPSEMA4BRAIN350",-13.1996920568171,-15.1045974955362,-10.2238006083409,6.62208764213965,-1.58898923700082,7.7799374281358,-0.0260702840963693,-0.0298171022871499,2.98339615499802,-2.5408213517008,-3.69643139893412
"LBPSEMA4BRAIN352",16.1759463832234,5.65080087972264,-1.40493650211919,3.81569819267592,6.17948629779595,-1.00681437912574,0.135969149231502,1.23005361831855,0.11535514075663,-2.59989748711055,0.0297256956895557
"LBPSEMA4BRAIN353",-15.4889243301698,-12.4058002077774,-10.9383741497582,-9.75966303265281,3.38454728972858,-6.66815225380529,-0.511409390112624,2.73531590653172,-0.115698600042434,1.97159312564037,0.611251552607622
"LBPSEMA4BRAIN360",-31.696503991773,1.14993622278675,-1.02863855009209,4.92807290883719,3.52327744367633,-1.50639542749783,-1.63153000725288,-1.32387830217091,-0.0200559035894026,0.780459726275027,2.2524262626963
"LBPSEMA4BRAIN362",22.5500000112353,1.63892467048116,-2.97365945955239,-2.71156629380864,4.90046722476526,-3.52617129902462,0.955948573698209,-2.24704871889627,-4.52722940112183,-2.21896743669368,-3.24516323510743
"LBPSEMA4BRAIN365",11.4794612466541,4.55299492941992,0.328626337067433,3.72021458276427,6.14374421520181,1.8627675738242,1.30486615974615,-5.30607099283654,4.4501827968939,1.70963536774175,-0.844408518335526
"LBPSEMA4BRAIN366",-8.6713001465072,-6.37284544728078,-3.39518410083397,-7.14793912385156,2.9397441202481,-5.94363403577363,5.73259663471931,0.49420953294837,-2.3925148438967,-1.65979812420305,-4.03666733500374
"LBPSEMA4BRAIN367",-0.362377748673609,-7.6776109717214,-7.05924100073761,-7.5237531480067,3.45953032768366,-2.6907864870692,-1.59392733043286,2.22756811411578,-0.101048693391217,-3.11122618279461,0.910855111064324
"LBPSEMA4BRAIN371",12.6947110029469,6.0705933893463,-1.80096926932796,0.745735350371067,6.04211041216167,2.06768782341906,7.09928816237996,-1.35733419915475,-1.8520158674008,-1.82047883336473,1.42294274526433
"LBPSEMA4BRAIN375",-9.06561132236735,4.29298144345414,0.98135518055605,-1.8878162823148,3.57070129594191,0.242068145543991,2.65616687031808,-3.21690113847695,3.04965419574532,1.69189175500638,-1.24784492219124
"LBPSEMA4BRAIN376",15.7131948701995,-5.98000148200665,9.08438155596739,-0.24396947868882,-9.7927098951639,-0.00693054364866543,0.628633613231457,3.47774207572072,3.92777621463569,3.21699363292144,1.72260204384318
"LBPSEMA4BRAIN380",8.77808480928093,-3.43829789146849,20.1617985275128,4.05636048321324,3.9303706981197,-7.7121885963031,0.691795186905472,-1.37111618399803,-5.01746783131079,0.0588634799641193,1.90002734106584
"LBPSEMA4BRAIN381",-10.739062494798,13.8136298160145,-1.32269898405622,3.80725339609025,-3.49489866915376,3.33961258066412,0.483167933276042,0.394371926478841,1.06209066000021,1.4692620024357,-0.819507974354263
"LBPSEMA4BRAIN382",-17.8313548061549,-8.75603724432783,-3.7141354024466,-4.83638097688299,3.31210010577519,4.59910126857028,-1.03169890925454,2.2442962761702,-1.02264658084846,-0.467092083664522,2.44420909439395
"LBPSEMA4BRAIN384",2.12311612198792,12.9306090005119,2.95459043800174,-1.58191151089975,3.45957353122206,-1.18018708605414,5.29707402281686,-2.250422483692,-1.03281873917322,1.72366585866915,-1.92173456197087
"LBPSEMA4BRAIN385",-30.4938882344004,1.91956132992173,0.00361508017947382,1.40178861407394,-4.7762587530317,-5.10689648425359,0.0337021755804595,1.00114881408265,-0.959898015892207,-2.58559624829296,-1.20615872435718
"LBPSEMA4BRAIN388",16.0945010148649,2.70540151008114,3.89377631489502,-11.2993614945742,1.41082026489741,-1.45097946778649,-2.40284764185951,2.90233895271006,0.328106080625402,-2.44983348701691,3.7205636112736
"LBPSEMA4BRAIN391",-5.7077053381641,7.18272345095415,-3.02969235441367,8.11133596540085,6.36430580380303,2.26939596493886,-2.13239700541916,-3.10981872310662,-2.0544775402575,3.96734072245943,0.34077541604991
"LBPSEMA4BRAIN403",-13.8418852732081,-7.32286672075636,2.69629580857504,4.62693021630045,4.02552986980935,-0.789576924786828,-4.25154020282894,-8.83795834220856,3.75083066709521,-5.18699856488063,-1.87872089266545
"LBPSEMA4BRAIN404",-31.9896554439692,-0.352243172006126,-1.23912799045286,1.56807258887246,3.2227470385995,0.358970636840245,-0.246943224362692,-2.27560857489267,-0.634524086372729,3.0530540621807,0.41416476755139
"LBPSEMA4BRAIN405",3.08269195761072,1.58288523187636,6.11701446696944,-7.30538555712709,1.45086300989794,0.728409896697714,-9.12808120315514,-2.16684508626603,0.135639262583863,1.32462312328332,-5.35131141523613
"LBPSEMA4BRAIN408",3.38725572005864,-3.9465739581072,-12.4357124453469,3.9638650312513,-2.11663909417803,7.29971015993024,4.61159772752955,5.1185397512575,-1.3731134486953,-3.14816433628015,-0.663134195996782
"LBPSEMA4BRAIN410",-10.9205917657146,-19.3529501200205,-3.33846338565399,-3.51086145721883,4.3166954578235,4.77544652782226,-3.11418264157359,2.21231727502326,0.316097583034177,-0.89502087979449,1.15359381651965
"LBPSEMA4BRAIN414",17.0110260935752,4.93855503375093,-2.31797024172131,0.0652192925598398,-6.39748119573625,-0.819604760113943,-0.545972137470688,-3.46505533319684,5.5050594085264,0.607629717200962,0.246833140889589
"LBPSEMA4BRAIN415",13.0654216581128,10.3882690888115,2.13170288718706,3.2146766939235,3.24346381986411,-3.50990182298336,-7.86460646060248,3.41787890107733,-1.91388472415974,4.59212682445334,-3.95342600427031
"LBPSEMA4BRAIN419",12.9903160212787,0.761406001312563,-2.57959248924601,4.28051185704791,-6.65264138793457,0.894181826936808,0.22429725853753,-6.60593351513652,-8.55914159238926,-2.01194245524585,7.72439561030387
"LBPSEMA4BRAIN424",-14.2908489959416,9.40525898519062,1.57574570884162,0.345818665368388,2.9143913747923,-6.47582840798929,-0.0792716604987113,-2.36762840600244,-1.18512797498622,-0.762878448564204,2.42182723131617
"LBPSEMA4BRAIN428",-13.850832019695,-19.2937372290915,-10.4034924316799,2.6762120259431,-4.32761853345758,0.837579249013993,1.30347181360605,-3.00235691833951,-1.1954406003385,0.651633125288076,-0.367185430257905
"LBPSEMA4BRAIN430",23.5257180330233,-11.753075954097,4.32018666772328,4.32863869605355,-9.53164183116722,-2.233407879184,-1.2902258613178,-6.64999119422773,-9.13580213411889,-6.62202078601074,1.34048777318188
"LBPSEMA4BRAIN434",25.9140404764241,3.77764144770186,-7.1540829516594,1.44580239286887,7.31524066565633,-4.40531215721115,2.31748951131763,1.44080328952699,-5.6130368441968,-3.96417464185741,-4.27989530885296
"LBPSEMA4BRAIN435",-0.565815590586907,-0.762663973205867,2.42125628886047,-7.75528684003404,1.78230394126853,-2.59695857313058,-3.34510923830185,6.22705936641487,1.30059481820819,-1.11992460945486,2.14205278595318
"LBPSEMA4BRAIN436",20.1064921320199,-15.5086738805594,-12.4524277421166,0.538856376332995,-6.66330605426097,-3.75097164746828,-7.64884050746694,-2.09078023979614,-3.67693855987473,-3.62726489856521,1.553809955379
"LBPSEMA4BRAIN440",-29.574014185627,8.57703526660932,0.841402820629819,2.08387876142439,2.47833615726031,-1.83217949808884,-2.63980652889717,-2.003475882536,-0.766160799314264,2.62513969161123,-0.272346274158832
"LBPSEMA4BRAIN442",-20.0167785367647,-8.29658827861852,0.935635727380496,-4.68694763129078,2.47247471424353,6.42383720173622,2.93355187648612,1.92213195422608,-1.55038897426854,-2.29304443882914,1.99794024412376
"LBPSEMA4BRAIN443",-30.549708114417,1.53458833606761,-0.49160863093429,0.350317927095271,3.18366310124422,5.24241953153668,2.25668957524646,-0.516159124089836,0.747337195658141,0.824586129385188,2.09436173149926
"LBPSEMA4BRAIN444",6.06972385612677,0.619386618933833,4.40936415890441,-6.95789011169255,1.27401950897857,-3.47000355329476,1.96039507468744,-4.07578945560955,-7.57116672262625,-3.52339863139387,-1.01015298991407
"LBPSEMA4BRAIN446",-11.9236378681205,0.0806721609262249,-7.56518940436372,-6.47704122027056,3.21146776431269,-6.82919668543389,-2.20434836834155,1.33141119688063,-3.03388685035228,1.61401217583039,4.9102602074921
"LBPSEMA4BRAIN447",21.1132918043027,0.863028096883762,0.866378022457673,-8.40008679853911,3.41130318220023,0.285786544018451,-0.390533530154671,-6.54920375494259,4.2265539297373,1.42078693230965,-1.47624945190104
"LBPSEMA4BRAIN453",0.222423070941084,11.2894868060631,-1.73112645024136,6.40372840779452,6.19219079216647,1.27170148422189,-0.495345016952128,1.66070344546654,0.7743495515306,-0.489647188837172,2.98877477006481
"LBPSEMA4BRAIN460",29.6001691824883,-11.7138842525501,11.0098380341597,6.88850189426856,4.96547068832488,-2.17410124435709,4.04021946594473,-1.04216505237241,-7.38003223232085,1.42263243158146,0.944469925574147
"LBPSEMA4BRAIN461",9.3051343806081,1.72645774713849,-2.90013223637915,2.09486976930371,6.39788202057981,1.46565903336959,-0.293771629171505,3.46784636121703,2.51525841258668,-0.912993159983587,-0.0724797537227016
"LBPSEMA4BRAIN465",12.2393707234894,-0.900665211052069,1.59843891888738,-4.76704847759125,4.60138941051436,3.39278611554445,-0.225474256808295,-7.37343412373458,9.50532195785058,-2.44316950771776,0.730365456016769
"LBPSEMA4BRAIN466",14.181548633979,6.37253702294791,-5.18087605441591,0.470698922528185,-5.55722133344643,0.449803767599287,-1.60994828076381,5.06104770411875,0.392248764174531,-1.27406796203225,2.50607506874178
"LBPSEMA4BRAIN468",15.5859428717544,-3.57762418904028,18.5550951268121,-0.433084860974312,0.242721173138412,-1.57608853616396,-5.65106737330954,2.97726121595484,1.32208249199698,2.26946495826217,0.460021539978787
"LBPSEMA4BRAIN482",0.347801896246457,8.7598142052904,-2.66759724523459,4.35058065750579,-3.99215580801976,-0.474517940679513,4.36097359166263,-0.537351731754599,0.36703349663607,-2.94357496821868,1.36511595756246
"LBPSEMA4BRAIN487",-8.73465413577456,2.78863530722768,-7.06871557729296,2.20554185923108,6.40543312569989,2.32503233321234,0.325055535602753,4.83183796032589,-0.505762474509667,-0.432924605155089,-0.261487789895865
"LBPSEMA4BRAIN491",-27.2732078103784,-2.52682745587506,-2.2561976837982,2.33827527098088,2.82029819389935,-4.72619639450882,-1.39321829527298,-0.92314721128652,-0.39627062180126,-2.66056264004571,1.6366517476209
"LBPSEMA4BRAIN495",15.2600277284444,1.86149810051623,-2.83003010331639,-6.74320230421434,-8.36658336574286,2.52467077657627,8.14150400746001,0.275435752593782,-0.143121170258857,5.30250835888111,-1.7530411342482
"LBPSEMA4BRAIN497",24.7840717805338,1.1420224836464,-3.31925299502624,12.3605004356298,-3.2951342366534,0.455911846550368,-6.75084133262062,-5.20744980096723,3.91806176720153,0.178383546324968,0.611881512198194
"LBPSEMA4BRAIN498",-2.42329267592869,-4.35470653039699,1.71079583420449,6.41635091847692,-5.21073239590337,5.4258845868648,-3.4989122190452,-10.3911231350873,6.28159265141544,-1.75621684748288,-1.50481789824763
"LBPSEMA4BRAIN499",20.3443873366006,5.69898768028133,-9.67736927955656,0.90100112518299,-4.61084988131583,-2.75097806778376,-0.709839804243028,3.99398761473723,0.174480480312048,-0.414635282063316,0.980700299751142
"LBPSEMA4BRAIN500",-1.58567360029206,11.8898038576746,5.75278076233826,-9.5557468438104,0.968262209061925,2.79417735588351,0.0693106068806964,2.76266127160803,-1.09296414743421,0.915595501615605,-0.181480116254779
"LBPSEMA4BRAIN502",-3.62955935149988,-1.72214944932392,-2.53619087777647,1.96772148420493,5.69555127131604,4.08537257058729,1.90625400344452,-1.56303445275109,3.23239618769847,-1.88286059253381,-0.910186259375646
"LBPSEMA4BRAIN506",-3.67042498701472,0.888125419411782,-9.04839037710042,2.62385085998603,6.06405046775608,-9.65329428625645,-3.58150621702844,0.287709511990084,3.92622768862635,0.477617356110864,1.83933423122214
"LBPSEMA4BRAIN510",-5.356352133035,-11.2268880006984,12.003741294811,1.28243919635925,1.90633632276076,-3.78867870193723,0.272351521141725,9.72018907996853,0.528867405932117,-2.19007825801393,1.67721227961389
"LBPSEMA4BRAIN511",-3.70478467995171,-1.03734047034625,-5.13629426283871,9.43477829565607,-2.62057062273246,-4.27497756536854,-1.31982608412742,-0.948691220996561,1.83896482110678,3.76552615175576,0.17049566774154
"LBPSEMA4BRAIN512",18.8667049296434,-9.33027135077786,6.08026035387488,12.6268029692971,6.38200044305777,-4.08256451635906,1.30704257940606,1.15189430326063,-3.00960741973129,0.693831949496238,0.255971570356418
"LBPSEMA4BRAIN513",1.37566369898886,10.9897877350247,2.06975984598219,-3.41886923890545,-7.07606744824166,3.49220646892839,1.04609799026763,-1.34760998814075,-0.279688376286119,0.734021551840758,2.00998384686193
"LBPSEMA4BRAIN516",20.8031644500585,-6.1079100753919,4.51080977628343,4.18795892403816,-8.91133445994165,-2.18907229186631,3.30365213242575,-0.210081325738002,-5.81916902133707,-2.88755055631967,0.255262764204092
"LBPSEMA4BRAIN523",10.3950746268546,3.43864138950724,1.26024547175941,-11.0476200484354,1.82621756589098,-0.607690138379895,-4.97696455684787,2.42400381386898,-2.42213612403015,-0.459422919419106,-4.50837188658015
"LBPSEMA4BRAIN524",-30.0860750417373,1.5336177125169,0.793836562794517,8.51636253159556,4.07523492652704,2.87741860524264,-1.24668662100755,0.0471897006889664,-1.52437261360628,-1.13022474247475,-2.16972966921987
"LBPSEMA4BRAIN527",4.64387337297166,4.92640269501395,2.11514123255678,-8.103086061974,-10.0102181717237,-2.86458088662267,-4.16351757855362,-5.09158227338566,-3.10257913842307,6.10738589667917,6.70199744421594
"LBPSEMA4BRAIN531",-6.7462737003129,-6.63806178086615,-5.09167910200779,1.63213749064839,-4.2141727213559,4.78641078224627,0.319461680685828,-2.73328194066699,-0.421741784067135,0.241861070116306,-3.86620407145761
"LBPSEMA4BRAIN532",2.02430765862392,0.754600379005874,16.7957366088316,-0.0715716147673148,4.24054194037381,-4.19234989913252,5.50622469951967,-2.66230666913002,0.405136694186345,3.53495973508038,3.09527676712581
"LBPSEMA4BRAIN542",-18.8144270545256,-9.10143105087797,-1.4349537163805,-5.55378010629961,3.17849623735165,0.00853258108884735,4.0172017386285,-1.55001005979711,4.44993419028213,-3.9388633928217,-0.173677650975684
"LBPSEMA4BRAIN543",9.54563858784463,8.96312206719037,1.93692301958434,-15.9052477175763,-0.919263635665496,-2.81983828467596,-7.24094059211774,3.85019991774214,-2.57034912542241,4.5383458600335,-2.71325733576939
"LBPSEMA4BRAIN550",-11.8940419980377,-25.7991485511061,2.95711041799223,-1.38934978681573,-8.74706302390387,-1.07875985627407,3.31055896559901,2.86000989642202,-0.18785367657393,0.986197214810646,-4.66685606704728
"LBPSEMA4BRAIN553",-10.60149449171,1.41159533557374,-4.26746839072888,2.14928548606531,-4.1506705706387,1.5347094009968,6.08556405324161,1.48939003680633,1.49391373658858,1.3840415709728,2.20607582056891
"LBPSEMA4BRAIN562",-8.45760661123939,6.57018201771959,-0.18058396438959,-2.72255939625535,3.82137807036751,6.03000087271245,-4.42098141610303,4.22115253434202,0.968374357837547,-0.61264944762242,1.97812606896755
"LBPSEMA4BRAIN564",5.81121533006653,-1.2006698693619,13.3670394023676,15.067229251669,4.18473517169151,-4.99826708993383,-9.62803858599305,5.34148195678144,0.978859632076428,-0.113657410371082,-0.608719678973418
"LBPSEMA4BRAIN565",-21.305682608449,-2.95065084200782,-2.78528436278516,5.72930361432783,-4.07764674950579,-3.05231623541509,-4.53612984273261,-4.86842359217569,-0.409216589832126,3.59598279537096,-1.20247917593385
"LBPSEMA4BRAIN571",7.30064446696087,1.65276108792171,-6.44184297302464,-10.3814158701918,2.39678267823146,-4.12771952544685,-1.58626300508747,4.41741456778029,1.57250146435605,-0.480593011837102,3.61650236770753
"LBPSEMA4BRAIN575",6.12891660057353,8.07873434179578,-1.14706653465395,3.41548604847027,6.29628336747864,0.732578417186358,1.16661646543854,0.352859895170694,0.292731267287366,0.17523732161918,-3.78432603921003
"LBPSEMA4BRAIN576",9.05185130000076,5.17247830749423,0.250885889946063,-5.57798191603277,4.0410333193721,-1.48638699829224,3.43158927271944,-5.77986189611446,-0.400776416984133,-0.636765436161695,-0.767396102560774
"LBPSEMA4BRAIN577",-9.23776582262889,-37.2490536947972,1.95299051801947,-8.59169343778881,-11.1370726491756,2.41882325134119,11.7050453226537,-1.55234796101143,2.37898889569674,2.36936697753304,-2.45307157019184
"LBPSEMA4BRAIN578",-1.68472492357121,6.04766747834762,2.86117628599779,-0.0368442413208815,3.3663167281522,6.65704801507183,-1.32424801522128,1.16180844884393,-1.95132557159776,1.57640945910376,-3.33361274375866
"LBPSEMA4BRAIN583",-0.465147078734583,12.7115524301327,0.748362706753623,0.186828234451581,3.22455694365195,4.44194349213055,-0.463795253164215,-1.2785386156181,-3.19761121413611,2.0149701794532,-1.39340846992392
"LBPSEMA4BRAIN586",10.8349086384033,-0.465344078255909,5.92130869761604,-3.57575666938281,3.08131609377845,-4.71812507019458,-0.625871980741062,-3.52040597881716,6.57537833743105,-1.22827872065701,-2.03203016895091
"LBPSEMA4BRAIN589",-21.4912885546213,4.94729540793986,-4.7288810554738,4.64931501147731,4.95026155967498,-0.932194703558479,0.951471497899079,-0.662708548479,-0.212021245213288,6.13639416775295,2.60683135709115
"LBPSEMA4BRAIN591",-9.53853109953372,-22.4898769256052,1.08413310057626,-1.54701318780391,-7.98094238898781,0.621898896401568,6.06758977710173,4.32502814653151,-0.231728519730817,-5.62227777619725,-1.47136334987788
"LBPSEMA4BRAIN594",-11.3569969484435,-0.860049704132276,-5.30960665857261,5.84134158508542,6.24801739869298,1.12976905289876,0.397801966395855,-1.34621797908071,-1.48433032477539,7.66191236142597,5.53829400876439
"LBPSEMA4BRAIN596",2.49864040040436,-21.573272488581,-13.0012596531801,3.09163495381822,9.19280875273149,4.49345984914119,-0.621908178851168,2.71209178631208,-0.187719226549463,-1.1272278577164,-0.0227803300591499
"LBPSEMA4BRAIN597",-14.2672425296891,4.30035275504498,3.71132190357183,-6.24743590089302,1.55850351381013,4.28046014101038,0.319699099098919,-1.0842355606095,-2.09973336992239,0.942024878587734,-0.597823255712643
"LBPSEMA4BRAIN605",-0.822469652588533,-1.52784015002017,3.42465962255641,-8.13316992407249,0.939014937858658,5.63745653380029,-4.51154204949018,-3.92288570417476,-6.42779666746103,-0.747100992664144,1.06531682720703
"LBPSEMA4BRAIN611",14.1701945154309,-21.3586875886154,9.60556156729671,2.1095159070732,3.7829948027919,-2.56658082550357,-0.438885463552621,1.39905077952893,-0.606763053945893,-2.58414028215118,1.61437642583854
"LBPSEMA4BRAIN615",-10.3578750890692,-10.3917797161759,-2.51852148815235,-0.00739625055427161,5.61736007589785,2.65322646962587,2.96075994029917,1.47246158976604,-2.06718894304629,0.856784049937594,-4.0063660508705
"LBPSEMA4BRAIN617",8.09972624193509,0.591401254871323,10.337466089735,-1.02176688791994,0.975533343949996,-5.13084039323832,1.3612528280923,3.34685144490356,-3.65399495183488,-2.63257101915112,0.85513794622246
"LBPSEMA4BRAIN618",-31.4697338269725,11.1423505625201,4.66963717784024,0.119623142108433,0.056363232789658,-8.16793255359051,-1.76662897782877,1.82780080390799,-0.638069216580308,-2.64560968863288,-4.57051445825917
"LBPSEMA4BRAIN619",-21.777575408598,-1.9446853323304,5.95691499705563,3.10563895500026,0.756824864427225,0.0796797488227128,-10.4619674947236,-4.67411782525955,-3.0579947140901,-5.46758132882076,2.36346140283158
"LBPSEMA4BRAIN624",20.4943269543186,-0.201698686071711,-7.07778911004365,4.75052310926222,-4.6848834795385,-1.87159216825294,-4.18646119205323,-2.53398275266985,4.65064463476064,2.00328869444259,1.44075019024498
"LBPSEMA4BRAIN625",15.6244702796294,1.30546894219236,-10.7042586085349,2.11588470643529,-4.29882969372771,-6.52920954936228,1.9212031766692,-1.07093609132763,6.31430688046052,-1.71153176989407,-1.7676668495642
"LBPSEMA4BRAIN633",4.02842532896911,10.6036613385648,-1.74562864835941,2.9948274569247,-4.77494703174208,2.02732206526118,5.18796279328308,-2.3017420496654,-3.73182507506717,-0.901337264776352,1.44165081975611
"LBPSEMA4BRAIN638",0.867661500705288,0.948861797849683,-0.0666691393246631,-8.46403316648771,2.67277189424897,5.94751801322136,-3.23628238239812,3.79937343186111,1.2375039281466,-1.16242333862548,2.01237638935245
"LBPSEMA4BRAIN642",28.6837584548868,2.53613781144649,-6.02721486584405,2.58279681249841,6.99859374300961,2.20521381291243,-0.0883849265703525,3.4732886608483,-1.70468773616091,-0.858551912261209,-0.397695563371205
"LBPSEMA4BRAIN644",18.5398180258377,-5.57286586675227,9.67897899275958,-6.63435086451101,1.38960065603853,-3.16784329440104,3.63487109722948,0.70909730719634,-0.77121293912025,-0.716593741727269,-2.69378592909851
"LBPSEMA4BRAIN645",10.763633355913,-1.84416891533111,-2.80810860249683,2.58839852001116,6.70563071145188,2.79506424135531,0.443427683071489,-5.05113159388096,3.4185743609695,-0.124351116912537,-0.945138135717706
"LBPSEMA4BRAIN650",-13.4907738212009,5.9436747437371,2.4423495792826,-5.93287233260854,-6.9051714076457,5.34413033277015,-2.07825675062674,1.84243144131045,0.259982378739484,0.417457148018382,-2.64168974823316
"LBPSEMA4BRAIN655",-11.5096731253679,3.85232481258613,-1.92689159699438,-4.96379370596792,-6.28798332190212,-1.05431422948002,3.02020007880687,-1.26389238507075,-0.0394281331449725,-0.341477798829046,0.881962580695676
"LBPSEMA4BRAIN659",11.5849193006529,5.69391655118565,0.0678270626914619,-7.1986150378067,3.52720774294243,-0.149671641047891,4.54644134996806,-2.21882431547023,-2.41464535117362,-0.295140323790251,1.93388592334253
"LBPSEMA4BRAIN661",2.62411995159788,12.8183007277394,-2.22919693799678,-1.29183770134069,-5.750890649703,-4.82187686543372,2.25601803309942,-2.38726977272345,0.207014869405612,0.962532427809052,-0.512152367758215
"LBPSEMA4BRAIN662",2.5053563368438,-8.80877789036455,-10.0243319878868,-3.33412234039076,-6.447454695328,-3.75550778233902,2.44411794068202,-4.23882626280461,-0.908085300628409,7.69819562650263,0.731182763882458
"LBPSEMA4BRAIN663",8.68823331925814,7.5748894717569,-5.65258423105642,0.591702302281431,5.8047007139092,-4.85856173225522,1.10746391966115,0.121752639206823,-0.437318842196601,0.677279387228147,-2.24611844387059
"LBPSEMA4BRAIN664",0.561178702237897,7.27918476352541,1.09739625300577,-2.05751576232099,-7.70286382178337,-4.18464912817856,5.84524893612437,-5.12264499207968,-4.07623412173515,-0.923065137692602,5.27399621803773
"LBPSEMA4BRAIN667",19.7013593928716,4.05299606729187,-5.26883924638094,-8.26981620155397,3.6506976958455,-1.67280347814021,-1.05215404944019,0.96109449706923,-3.86357299046004,-0.129170326969302,1.94030819289101
"LBPSEMA4BRAIN675",23.7568542534514,-2.10294243132945,-3.28160471209829,-14.8176727582985,1.75201128570729,-5.70509679596307,-2.22513045794665,-2.6083719181475,-4.00478194839142,3.95307187294402,-1.22019545742513
"LBPSEMA4BRAIN678",-8.04981770082344,10.4227931729248,3.69992266623963,-1.72426119765116,-6.25434275997349,6.06318419010637,-1.98832092309923,1.01273233123411,1.37658839444976,2.2814700921184,-0.895356811951056
"LBPSEMA4BRAIN679",1.77536236072078,-0.755206180663853,12.0312423748808,4.10676488821924,3.20927250442785,-3.66086568501176,3.87104692808621,-0.846101403387714,2.14312579956566,0.290744280257332,3.03744543732848
"LBPSEMA4BRAIN680",20.4515825263289,-0.546015395504896,-1.39075435917732,-0.573075649555696,-7.16683193863145,5.77658104828782,-0.897225704318071,-3.96481786391535,2.92262270794622,-0.317764711402012,-3.38520805068478
"LBPSEMA4BRAIN681",-12.9595918873322,-14.4261910305627,11.2997207258757,3.17638915658006,-8.5763521119856,-6.21742959814021,2.00147144067323,3.70693126973109,2.87048667917618,-3.74780420295776,-1.43453588318606
"LBPSEMA4BRAIN684",-20.2635015936057,12.8307828897915,2.39605649936144,0.258569624227387,-6.06214070097732,-5.84446032894354,-4.71972521969986,0.579082497613235,-0.653129054371903,-4.38915485409231,1.59500029310866
"LBPSEMA4BRAIN689",-14.4696510567089,16.5835532119879,6.0902681491796,3.84118443194622,2.43876606449909,0.920659901168223,0.471723266062506,-0.23541303520038,-0.486591598322062,-0.954196470120972,-0.4930469304904
"LBPSEMA4BRAIN691",-17.0133360071323,-12.8553826828693,-13.4744318128986,-2.43895118077052,5.2737233862636,-1.72700112453581,-6.23373870026245,2.41341039814738,0.00383470796573885,3.58521269766143,2.39696410068299
"LBPSEMA4BRAIN695",-13.4081509396774,-5.1323035904883,-4.20016943296361,-1.83303815506813,-7.08422493148945,-2.64212843200268,1.78570594168153,-2.68937269087052,-5.42193556162334,-5.62745558442422,1.66657239279257
"LBPSEMA4BRAIN702",5.94103265704942,6.47034212816422,-0.908536085196512,1.15419978609902,5.4779465064948,-1.04946113710462,1.12392905159898,-1.49876287037544,0.74414838313011,-0.900899753751368,-2.59258211810416
"LBPSEMA4BRAIN703",4.97875328747666,-2.57695305319073,10.4208343159571,3.63456197263299,3.44694373374754,-2.45648838187949,5.72495816161189,0.351053079898606,-0.608772521514084,0.484017346162889,1.73662660734033
"LBPSEMA4BRAIN706",15.1242512780118,3.82372018429601,2.74863523333647,-1.65480670795106,5.69850722517581,3.87276367689349,3.84520645437097,-5.14549916473117,7.33645267894894,-3.60838335596944,-1.29634513850727
"LBPSEMA4BRAIN708",16.3415371059394,-6.11111145087407,2.74467217663163,6.59434000049109,-6.75261800524226,-2.68965330490537,-1.84930726554929,1.84922263390195,-0.539816023232407,-2.14254129633207,0.0881096300380747
"LBPSEMA4BRAIN709",-4.7327245887201,16.7971932550913,10.319463327134,-5.67221108200584,0.504785605904148,3.13658868518439,-3.05943739686752,2.8298482444736,0.163657751668676,1.27660025210317,-1.7098329757361
"LBPSEMA4BRAIN712",-13.3848183452777,-14.360542462676,-8.92115340091781,2.2489590653611,6.61097004187294,4.9129393936338,-2.0841962850564,0.616571746430581,-1.84454240745363,3.44425208851493,1.74586864080101
"LBPSEMA4BRAIN713",-1.64968922754619,-15.0005225090726,11.517499244385,4.17366510719521,3.43111650685305,-4.54740195375386,1.39082419096873,1.49662721082243,0.130875509963513,2.06652837004496,-3.03035396791185
"LBPSEMA4BRAIN716",18.7070929566682,2.29543208816528,-4.00647185251799,-6.04589620538663,-8.55431660249372,-0.80097837970416,-1.00764664563251,-2.63781946595244,-6.51441812864448,-1.61799706891627,1.20718506577434
"LBPSEMA4BRAIN718",-0.315763175082009,1.1967117782325,10.6644669234934,10.6590525299717,-7.9000485294134,-2.58536853909159,-8.94691574532683,-4.21764469995879,-2.41548354779307,0.421241682149776,9.2377800947386
"LBPSEMA4BRAIN719",20.2867297235777,-3.50610388117193,-11.8561498939089,3.75384596832473,-4.547701115793,-9.79178268637254,-0.606449354425872,-5.15349620807288,4.35249492325417,0.964188848298323,-3.10482668446768
"LBPSEMA4BRAIN724",-13.5074018040646,2.15308645320776,0.842997140634095,0.804060688860056,-5.77619994265581,-2.15019193954261,3.51308516442735,-4.88582555254408,1.29087901862634,4.7014907513898,1.17835651663108
"LBPSEMA4BRAIN726",23.1768496249597,4.5935167439625,2.2916811595329,5.72861174373286,-5.10785984048139,7.30421091534691,0.992145190000923,-3.2215801913494,6.42812449447598,-3.70781638147626,-1.55864693251329
"LBPSEMA4BRAIN727",-14.9666343802878,13.1331162244287,-3.1077750234612,7.66286938829886,-2.493315031487,-6.61458065286854,-4.00269898832491,2.43076997190658,0.870321922588452,-1.94822427332453,-4.0190598179347
"LBPSEMA4BRAIN729",5.09400736623315,8.32919296097745,-0.482628620679861,-3.7043196613333,-7.70239761579131,-0.464402721306547,-3.98701282672312,3.15544135961302,-1.51378839860964,1.13086320698811,-7.2063514064826
"LBPSEMA4BRAIN735",-9.83026662494445,10.8398396400148,-2.21443836593893,2.41670579648227,-4.57815259608566,-3.80183230622123,2.68888707334149,2.53773876242799,0.845452579478567,-0.45067321506655,-0.563799148576753
"LBPSEMA4BRAIN740",2.21487248409441,5.86425555915558,7.81425473383822,-14.1583350915642,-1.39846028597844,5.77266915384314,-2.15319503075733,-5.11217498779855,-8.22875773096921,-0.628530592934655,0.950989445799534
"LBPSEMA4BRAIN741",16.9310834501342,-8.26953651546239,3.15482265681628,2.77076671144556,5.48159853734556,-0.0787151554229738,2.57054135213303,5.2036509390961,0.75984302762954,1.4636816535366,-0.741949825299255
"LBPSEMA4BRAIN742",-20.5206062439133,-2.63115816785383,1.71466123183535,-1.97598995259575,2.78733225297414,6.65904438958809,-0.16576676310625,0.713457430545286,-1.90654026684225,-0.98308744306172,-2.29906805888402
"LBPSEMA4BRAIN747",-11.7433015316055,-1.12012644606623,-1.14463665128725,1.25104211858167,3.33035881881002,-5.15664007954422,-3.92061311146717,-0.0200572508536257,-2.12253110638017,-5.6653893108403,-5.92268476272374
"LBPSEMA4BRAIN748",40.1681591178621,-33.6940322751795,3.15596133459409,4.30220613405061,6.66820015102432,4.15957670190448,-10.0873194555975,6.84285740295216,-2.86056429586763,1.14523236420327,-2.03402748908822
"LBPSEMA4BRAIN749",-1.36232754490535,11.4104932069496,5.99674105865601,-10.5870379641178,0.488320439866719,-2.04111545377748,-0.991945895041644,-1.6590795257954,-0.591939025877715,1.6933750137588,-0.0248056860820972
"LBPSEMA4BRAIN753",8.1918512937559,7.91706514254162,7.99702303795504,-0.046463643002149,6.73563877859576,4.49338381209514,0.840913571126516,-5.53606398537846,5.92753058272765,-1.43067195879051,1.5297843278257
"LBPSEMA4BRAIN758",-4.77151215953612,9.45093246483971,0.5462422292468,-5.14094040153373,2.17557962293148,-4.17665302342918,2.98307252819983,2.56992232814541,0.262504153682084,-0.839209018760446,0.984997144482858
"LBPSEMA4BRAIN761",2.6713339891098,3.85277195937134,-1.94092776552716,7.33129824042632,-3.29980850224685,7.61554093935529,0.617303732815926,1.38817049097229,-2.82550138264954,1.83116641985055,-1.75452439479782
"LBPSEMA4BRAIN764",-11.8645265633441,-7.31477717447417,12.1895443858287,0.251615794352942,1.67412945153099,-3.56365315628021,4.80326335458671,-0.280248788692379,2.77673656224067,-0.62054812101522,1.56028523350984
"LBPSEMA4BRAIN765",18.4093233319683,-9.02472162962553,5.24465424022133,6.17026287175324,-7.3948183645913,2.01153056414715,6.66107315993191,-1.88602973800876,1.63245789805102,2.26057295227099,0.207855051069988
"LBPSEMA4BRAIN767",0.866091831676878,4.25799347133549,-5.90856115495429,2.51625758132578,5.26252925120912,-4.73703989464549,-1.95784748702285,-1.07033842095999,0.273757184395799,5.59003468733945,4.31952643263877
"LBPSEMA4BRAIN769",-3.01530616343722,-18.0203245785136,6.291729204544,-3.93542332967076,-10.3890994192201,0.734691467945906,2.54625374554047,4.48375278204116,-0.292037579531212,-1.58403296818162,-2.90293727098149
"LBPSEMA4BRAIN777",-25.452449351982,-2.97825979818922,1.5002412134358,2.79001068557111,3.77362340192012,3.19761401103459,3.1525791748218,-1.08791361705518,-2.07516696520928,1.48456201018423,-2.22659135484708
"LBPSEMA4BRAIN781",-15.3740971252861,7.52124374652545,-4.48722505184796,7.4503061372025,6.34168519411392,-1.14805754043529,-1.10929011961113,2.94877271366473,-0.00361101983622789,2.96471573413159,0.268469446462351
"LBPSEMA4BRAIN782",21.8551199032257,-1.47811983092413,-4.85385548112486,-5.32643138443247,4.17536851013402,-8.74260371905485,-0.31556200721349,-6.65895896641878,-0.767908950446447,-3.13910596648782,0.754472663439253
"LBPSEMA4BRAIN783",-14.6296785125156,1.65178918436077,-0.10530471742684,-2.91057638095079,3.53509244643956,1.26950056643259,2.8202193774355,-4.19811507918228,0.702779904282274,0.57916697318957,-0.797609020607401
"LBPSEMA4BRAIN787",5.63211482201105,-14.8763222721726,14.3132671425997,3.21993366474107,2.09308794585235,-5.92922988827782,0.445778558433315,2.18748483776984,-0.623755057607903,2.22660842859547,-0.43024718224211
"LBPSEMA4BRAIN789",13.5670938959626,-17.4915314933516,-8.48268910066386,-6.9298704083048,5.40195645856356,-5.84500877777646,-5.09224666975396,-2.53344653841198,2.69373203071397,0.293132652736285,-0.340935507340952
"LBPSEMA4BRAIN790",12.1842906757644,10.1903065191838,-3.37579650947786,2.57466908639338,-5.2375499350553,2.66835980202992,2.84850408876693,3.96553759290448,0.396259722046061,3.01630159611954,0.692846015827683
