"","PC1","PC2","PC3","PC4","PC5","PC6","PC7","PC8","PC9","PC10","PC11","PC12","PC13"
"LBPSEMA4BRAIN003",-29.7175119615644,6.84207272481849,-3.97458293933159,2.39267825731368,-0.955112715288986,5.28154793226522,-1.57467140660199,6.32530836941601,-1.02880322442671,0.418110360360833,-4.28048422129656,0.954129217428628,-1.44779855600604
"LBPSEMA4BRAIN004",6.53160646234794,-1.91883322730749,-14.6337835303252,6.67197320872883,3.2557010114552,10.4296808742632,-1.66975787300893,-5.19859827257439,-0.927733769616863,-1.02543937671564,5.03754373356748,-3.3305469306751,-4.05976005763884
"LBPSEMA4BRAIN012",-29.9337063876536,8.18799104160078,0.267683422121874,-0.782473010454214,0.958994439176126,5.60663563808221,-1.58306765853457,-1.63285386337827,7.84871652255025,-0.2375434955789,0.0667411238732102,3.2417376264701,-2.09863450271151
"LBPSEMA4BRAIN013",29.9197849882738,-7.80663356471184,-2.4925736246567,4.60530269842496,-5.29686239257194,11.7940825949417,7.29865744852644,-8.91902431693064,-4.36800785497949,0.413597049033976,3.02711339222098,0.462492363139395,-3.93177204356552
"LBPSEMA4BRAIN015",-43.0285333094326,6.70890842564909,-7.40591022365878,-2.97171330247847,1.35294215449058,2.11251394721835,8.08896561808593,-1.87960366712037,-1.33462349407932,-0.0426097683154035,3.07774920434722,2.11188211568537,2.4237552932472
"LBPSEMA4BRAIN021",-29.2771061204033,-20.0576640484016,-0.127011187932577,0.368455668985646,-0.952675953138452,2.36941699169725,-3.36408799707171,-6.01106609017162,2.73948183846134,-6.43527568591975,3.54650755927069,-2.59404546323269,-4.22159746916889
"LBPSEMA4BRAIN022",-15.0578533355098,12.2523187666353,-10.899340701122,0.330539934185889,8.51769893669786,-2.39308639201473,0.0559704040792976,-3.75516153880411,1.32183579428174,-2.33735608158819,-2.0975516423039,-5.02500620077129,0.115659261377217
"LBPSEMA4BRAIN023",24.860185191731,-2.81961414712862,2.4338265714958,14.0820563702368,-7.06622933564986,-4.78175947045604,0.772872712824839,-0.748667082673907,1.82699194823462,-5.90949832488977,-0.100724376073393,0.216072233168496,0.594681078929814
"LBPSEMA4BRAIN026",-3.38552539737793,-13.0810045086554,1.99355015660458,-9.66202090426194,-3.88210922806826,-8.94863582116954,-0.300741202038421,-4.67555674645894,-1.4331488012419,-4.39983002138173,0.42512721947571,-3.41023905562439,4.23104955740334
"LBPSEMA4BRAIN028",-31.4933449695681,4.75935818423961,-2.35222358735118,1.84628647561607,1.49215312629296,3.00519994905037,-3.97298517443457,1.26701114219926,2.43723446038873,-4.03606703655522,3.95133641295838,0.901973095560738,3.27977283338571
"LBPSEMA4BRAIN029",-15.6090431604174,-7.51605009395708,2.86611459413666,-2.86456716271464,-0.938330958959225,3.64394199400331,-5.27057291029763,0.317768194835959,1.12022311737293,-2.4980124422211,-2.72899607528053,-3.95884291082208,6.31412262445462
"LBPSEMA4BRAIN031",17.3837910030018,10.3057822819565,0.666378641000952,-0.469704600483781,-1.58463457878996,1.1987786154005,-13.1853891063649,3.86232885731637,-1.69362889849904,1.95846273532335,-3.59671744183053,-1.94351382337843,-0.923945950991439
"LBPSEMA4BRAIN036",-8.14025107338831,12.5927469135784,5.84387100477056,2.00152201328884,-11.3598032170268,-0.807915767632503,4.66144442621588,0.150669123077397,-4.3113726916619,0.105096339282244,2.09522417707881,0.245226461853992,0.420726786935281
"LBPSEMA4BRAIN037",35.6477665650386,6.21701254658501,-13.2320319172966,-7.01161148917158,2.10157314672177,-0.0127850363674657,-3.43750650197382,-3.57782941524241,-0.634874472644205,-4.63531527149686,2.00181046114423,1.01979315154856,-2.13081363189498
"LBPSEMA4BRAIN040",-0.798415394487009,-6.53888431524061,6.79465109621356,3.70949977655325,-4.26011403182297,-1.67433460962207,2.64225308534577,-5.01803581923262,-0.24890332502863,1.68792864001543,-2.92477193718303,-1.92692056941391,-1.05578433127118
"LBPSEMA4BRAIN043",25.7604430806834,-9.01787632947172,0.0851127430503475,-0.899725796242795,12.4461788963279,-4.05837540652612,5.83192565960696,-1.10069854078717,-2.74571445607106,-2.4458855950349,-2.94186879514618,6.65151738170174,4.08952785401274
"LBPSEMA4BRAIN046",-8.14619706107992,14.3913597029884,-0.643971672113978,1.23467299967002,0.403840004444545,4.44723200211641,-3.63829498045665,2.18328670573858,0.808892787564328,-2.53552908115718,-1.13542896037935,-0.58985253405648,-0.691798822269635
"LBPSEMA4BRAIN047",5.83069091963635,12.2468114841545,10.040670382476,-1.43261750748866,6.07049034594097,1.20335603148982,-7.50204174660731,2.34376849228769,1.58306041833664,-2.20822963047787,5.06161623569458,-2.85193479213043,-0.193015720793124
"LBPSEMA4BRAIN048",52.2851847523521,0.396651839834541,13.2795799471719,-6.60121017352647,-4.71696153469266,3.38307995411224,-9.3612519538676,0.308812174377561,2.57780861546878,-4.20940795445843,7.7054471915988,2.64174142583059,3.18985952192044
"LBPSEMA4BRAIN051",-13.9104447811611,-22.5466595674685,9.1429762666951,11.6120941626177,9.36183958565897,-6.54151068281747,-0.014716966118498,5.15221514071315,-1.37803021193282,0.849216093276087,3.23941700027302,2.9537409951863,-0.116152057470243
"LBPSEMA4BRAIN054",28.2283254732124,1.23646477232597,-14.9034607569877,7.69011046521976,1.37417873305298,-2.70729775890996,6.18614838342168,0.0872139059521457,1.03756540510054,0.152332728546991,-1.6928903092223,4.33371215429802,-1.18557404187169
"LBPSEMA4BRAIN055",25.0504889497376,0.350186242454223,9.70778372283372,-2.6704879163578,8.78912702227498,6.67774121171036,-7.39250044567737,4.98250695187935,-0.613085679475698,-0.430695187353699,-0.71232530655112,-3.27628047003842,2.6759856207186
"LBPSEMA4BRAIN066",29.3264851571694,-7.98791593526088,3.72973347218957,14.381857784974,0.596012952664806,-2.18395544381055,1.75791294577313,6.64391531284922,4.3027757282425,-1.64845066695893,9.50122801183168,-4.00291066930581,0.213769813932871
"LBPSEMA4BRAIN071",13.9285071209676,4.16590624985183,-4.60529001398329,17.105849578743,1.60950291784944,-4.61172948247474,-1.52026902335293,-4.85329133211382,0.42711667243755,-1.49012878062324,-1.5207544193567,-3.79417847983554,-0.551493431567815
"LBPSEMA4BRAIN072",24.791503275446,0.421484748996473,5.5933811552522,8.43016181115454,8.2646311359265,-16.3396956890191,9.31145884376752,4.32409386880637,3.47809186024967,-4.48584496149314,2.40746830884397,2.39281482436628,-0.0434765183720042
"LBPSEMA4BRAIN081",-31.490425857748,-19.4800990676974,-5.61515058784839,3.74434690400297,0.567503035109319,1.61055334886416,-4.22610543619392,4.38541839223319,-3.25219104977171,-0.760868010269293,-0.766768076889904,0.315783976505156,-0.244770832572155
"LBPSEMA4BRAIN083",5.75564054300269,3.93002579455588,8.27728567635393,11.3300123034333,-6.11196046375942,0.469472961244451,10.6021007547582,9.25808707727893,-0.720789865562213,-2.80719928112534,-4.19343398429296,-2.27289627566704,-2.27473671522441
"LBPSEMA4BRAIN085",-21.5579724670328,9.58012581557733,1.26390575017052,-0.169902550629749,-2.91038728220883,1.22728876275782,-2.00431595816061,3.6943572177696,-1.48121135092398,1.73773756640574,-1.00384325065074,1.4816702157957,2.8987617044729
"LBPSEMA4BRAIN091",-7.71073706482506,-10.2174232019259,-6.9896038247174,2.13070316531477,-1.63234083739631,14.1313734452713,6.99612072339504,1.03628060134648,1.77385661565136,5.35419592242609,2.00235354350969,-7.14795397363075,-4.51816932582127
"LBPSEMA4BRAIN092",-28.2246945870694,10.8673409490689,-5.83633548718568,-5.57307278007499,0.325602854217985,-0.378125245969741,4.12091648830198,6.77571963037728,-1.28185039966495,-0.89416041418149,0.674580210549655,-0.0703824379184096,3.12407235196315
"LBPSEMA4BRAIN094",-6.21259046871072,10.8250226009726,-6.06415429899302,-6.12994744091453,2.4167346034012,-1.13695988724927,4.5440045541649,-0.36607848381309,1.0336938100054,5.04777323462287,-3.22424170901481,-0.551018145631509,-2.66770553941881
"LBPSEMA4BRAIN096",29.4817130035083,-5.3877988456227,0.735443174045304,2.58275623410137,-9.81640998323985,8.62007752256529,6.62755460828325,1.34870317350902,-2.8375468702393,2.29730424257975,3.70049181227884,8.21812699050322,-1.20992341426612
"LBPSEMA4BRAIN098",-30.7023821129571,11.2784167519166,-6.64443466103746,1.97993031476736,-0.870797987261781,4.66542345734476,-1.00306362669969,3.53544307437311,-4.8548782371566,2.26555547098024,-0.610658783669619,-0.153238144942222,2.67099730858536
"LBPSEMA4BRAIN104",29.8228291533994,-0.969093970511598,2.12685374187923,5.4868849175024,10.8815027455771,-10.9586560261205,6.21206385468763,2.31105857276594,-1.07877859192685,-5.73936522439706,-3.84252491641916,2.9639982597828,-4.17244279224326
"LBPSEMA4BRAIN105",-17.2537133760046,-3.98969573209839,13.1134127165781,-0.404933317882954,-9.1241431996405,-4.70214067704311,3.37443952867981,-3.34736014272054,1.53619448542371,3.06511548305691,-2.33671933868476,5.03394419992775,5.42586501857186
"LBPSEMA4BRAIN106",30.7685479363551,3.22536989808251,-14.961411545189,-3.09592017480299,4.58189207399628,1.42471915897708,-2.14062339385877,-2.76246978015744,10.7070536199907,0.00828738468585278,2.71961659475977,-1.00012712547358,-2.25873216571469
"LBPSEMA4BRAIN111",-17.7712054642655,9.63542809288077,0.344654744212587,16.6133891431338,1.88309013583836,-7.79742929974257,3.26558322318883,-0.57892451019823,1.73891747822272,0.720875733599118,4.77379960517435,-2.74919989991739,0.65908925498099
"LBPSEMA4BRAIN112",-11.8190619831515,2.63511947879928,10.1128211563416,-0.616710930013365,-3.87806354573339,-2.60065739493076,-2.27126997864718,-4.75080075149364,4.05120406071876,1.40869924156221,-0.392304830176095,0.745689417723823,3.16029425098766
"LBPSEMA4BRAIN119",19.6999825554977,6.67359218656544,-1.12575976840455,1.81199413875782,-8.26950664641025,2.194243609803,-2.22125518416228,2.93820436101747,-1.33697721724957,3.83526659074167,4.91358232845844,2.43248646654649,1.38448785763163
"LBPSEMA4BRAIN127",5.69323301934487,7.92408368236073,9.30745767842428,4.9441687259484,2.52933954614519,-1.56123499677866,-0.127947257303209,-6.58579636288735,10.5385531354987,2.79443813436667,-3.91224395780426,-0.348892498922258,1.62012736836929
"LBPSEMA4BRAIN132",20.097887703679,3.05177590964691,-5.96942559269351,-9.22780201747668,-1.69692459819745,-4.72980781754991,-2.38385188446657,1.00281761761171,-0.279323963096931,8.47099444609075,-1.59235915650056,-3.77635385927307,-2.55926522983824
"LBPSEMA4BRAIN133",-20.9733149608845,-16.163038967741,8.1741305099236,-0.571633578849711,-5.11145403404851,1.76343784567452,6.79742981907413,-1.05442310235968,1.23492419017149,8.22322961512687,-3.49702056804806,-3.97447607575964,-1.15021074510683
"LBPSEMA4BRAIN134",-44.4226626328506,-0.135108037227851,-12.9974773744597,2.57983690137214,13.1728265139748,3.00435034944376,4.95729663541734,-4.76490294574559,-2.55508941730877,3.17872778486122,2.47844203264086,-4.08916773255801,0.906228736697921
"LBPSEMA4BRAIN138",19.3396941886094,-4.24640461417143,2.59900118004567,-4.03683688467667,13.3139687117633,-8.69604008668573,-1.0882682290335,3.34593875435184,1.2479393457263,-3.12902781828983,-3.71059679676506,2.19837497676574,-3.47655606494737
"LBPSEMA4BRAIN140",-22.6833133707488,-19.3111286946279,3.35566607392476,-4.35920487609391,-2.85174364579175,4.94759011096963,-6.64039089937177,3.41963950817833,5.89303167154415,-2.46099151965356,-4.58987576216821,-3.03128951365993,-1.04256610712165
"LBPSEMA4BRAIN141",-34.3466357756501,1.69124870705521,-5.94509745763956,3.49387621083762,2.83882179322429,0.349073174369023,-5.83328245378545,-2.40717276083918,-2.42709354634066,-1.32295651506575,0.812908136684691,-0.898042722344836,1.3635404622213
"LBPSEMA4BRAIN147",-28.3579090337987,12.5791317119301,-4.5039403189711,3.13848847157386,2.33911830338146,5.43610098632833,-1.950621804115,1.27991962652224,2.70655314945396,-3.33700598884711,0.641390341097237,0.279469823715681,0.952667756669541
"LBPSEMA4BRAIN150",38.0700825721235,0.949220103209634,-0.408948090422173,11.5915975987462,-2.36209174249415,0.156963840437185,-1.42242620941517,0.515054174891825,12.3942988717118,5.33594549833275,-2.69528519494136,1.31636608804182,0.97736853288169
"LBPSEMA4BRAIN152",-8.26647431580221,13.6290032615765,0.213983322472661,-8.67124567382371,3.29934011896849,-4.73070637156615,1.46440745918557,5.58321217331615,-0.105919246019475,-1.37982733170064,-0.526508101221375,-0.769383069126229,0.200759639531021
"LBPSEMA4BRAIN154",-4.50879213731134,11.6419318868761,-5.83491332465497,4.29587527858871,3.61841479555335,2.60734415124262,-8.12513446526109,-2.67898233420052,-2.34155500892639,0.871357032796257,-3.8766010408101,-3.19150107517428,-0.806252469027711
"LBPSEMA4BRAIN155",24.9464584522968,-5.34012956928175,14.8928883514422,0.908447298950105,9.4526562808726,6.10339067396228,4.39505551961232,-6.13578648529735,-5.20254487444148,-3.24957971806731,-4.13324606063425,3.0129058901384,-4.41793500041455
"LBPSEMA4BRAIN157",-31.9891425031498,11.962309948158,-1.90775683870493,2.23577813879335,4.55519255589678,6.19664981205102,-0.0927015329933777,0.653381257242444,5.34295365703772,0.58284723692706,-1.35450934600279,-0.695819290582842,0.0285561656501267
"LBPSEMA4BRAIN159",-5.69272804727899,-4.24614196488756,-1.19123853294562,-8.55723936203741,-6.58365193055793,-7.25177690744488,2.45153969120373,0.854182035812036,-4.75654235579806,4.59876121225419,-0.183374285204202,-1.80557407585899,-2.73823750692503
"LBPSEMA4BRAIN163",-16.870306363015,9.50056645764625,-0.617271518591279,6.24440312790732,1.60931654467021,1.95484177810445,-0.0877541526175954,-0.558672316314559,3.08939438509792,0.693521573359837,-2.77523466194589,-3.12163013492923,-3.06121593902604
"LBPSEMA4BRAIN176",10.4277338555536,3.27313173694988,4.56135629184435,10.7393715085005,15.48463696124,1.09101650641452,0.235831203124074,1.60590157723065,-4.61023822756001,4.89956569213465,-4.79989623137242,3.96409305259647,-2.58928075379479
"LBPSEMA4BRAIN178",13.2313695342773,-1.50692896507848,-5.6706693864152,-8.97734386563186,-2.8555182697487,-3.98772812281173,0.242238397441735,1.12287936199975,9.55031921052609,4.73059762249026,2.93748586682763,-0.0387128005854841,2.58867259656946
"LBPSEMA4BRAIN180",38.9069757431222,1.67428938743851,8.58709410323012,7.90902380227903,-7.01316805470792,3.74514320199292,7.31861839576431,9.42926611505435,3.65750736254914,1.2760720076163,-1.48123189977485,-6.67879792713877,-1.72155909311679
"LBPSEMA4BRAIN183",15.9835737842989,12.4197686752558,7.25983510938056,4.17924255156485,-10.7196854733901,-1.6270547472446,1.29940721542335,7.58428400435213,-0.895776903711277,3.35406005026978,-2.47235208433079,-0.857967324798166,-3.90877865980299
"LBPSEMA4BRAIN184",-5.56013888224496,-32.6367426144224,-8.5459300492434,11.961428623563,-2.8685101063598,0.173761298837631,-2.0614435537768,6.22714037478764,-4.65331110954777,2.42609867569697,2.10895506469202,-3.99864141791109,4.43330389884178
"LBPSEMA4BRAIN191",-17.098180338125,2.90598948335658,-4.01305970733553,7.11891472772664,-1.77281963880939,-2.9839725921696,-3.52776095991968,-4.19333048355041,-3.44094061975485,0.435752868513,2.55184998654939,0.69586109720811,0.749890168530365
"LBPSEMA4BRAIN193",-23.6085951030533,3.7659960072211,11.7001073560488,-1.18233162977684,14.4806730802987,5.21578480033328,-0.0333343251915746,3.57795370162682,2.86451958898009,3.02722698249593,4.89769447003183,4.91317663675249,-3.51112805634802
"LBPSEMA4BRAIN203",-7.4585260652855,13.7334428389874,-6.99293105307113,-4.35854445072714,-3.1623307759841,-7.56678728756529,0.116829141673325,3.3514948817372,-2.66462449332635,-2.45625139084668,2.73499250719208,1.67426944738404,-0.726543361157725
"LBPSEMA4BRAIN209",33.8639136931232,0.499002993416335,8.84267585454811,0.159148588977664,-4.05183567103646,4.86152570562387,1.96407677601225,2.12084286199081,1.71451092952997,7.00151011766981,-5.38197885981823,0.974754434587777,4.16700534737319
"LBPSEMA4BRAIN215",-34.0969252225832,-20.3280008582086,0.646750921454285,4.37354839375903,-1.19197583126756,-3.67661440120566,-1.32549041867467,-6.42064481974945,-0.0740852161951208,-2.20375858704905,-3.58416202144357,2.63779899056534,1.30387615164947
"LBPSEMA4BRAIN220",-14.4101046535705,11.4007648814912,1.91848308061332,-0.388217466382871,-4.25775756268655,4.09003387776411,0.0624623694604257,4.67763095453612,-0.59181255442042,-1.7901661451424,-2.42008027311343,1.51755454342339,1.37503057425217
"LBPSEMA4BRAIN224",14.4290124620542,8.04618334281999,-2.43803406766282,1.33785177118252,-2.1612666001229,0.294093868418139,-10.9280351273061,1.36156030266487,3.11398682270479,7.59890956668626,0.909643579621123,-1.9659884688439,-3.96858102358053
"LBPSEMA4BRAIN227",-20.5476523208001,7.23406873762624,-3.0947614228168,-3.47202251155803,-1.78576745420434,-4.88788919182914,6.6806404808317,-7.72374569857657,-3.17528806402744,-3.3086344259167,2.03035427088448,-0.155960586220055,1.09009018818264
"LBPSEMA4BRAIN233",-7.1630811640757,-28.1555629385503,-7.91048125362845,13.3021686582374,0.102213912566615,-2.56460376691692,-5.40131123037647,3.30274445360862,-4.7938837070588,-2.57655621304371,0.581660842452815,-5.25083701685123,-1.01257979125606
"LBPSEMA4BRAIN238",8.77792723569616,1.17898727416736,12.9381959517015,8.12185284147779,10.0947805672737,2.10150087059106,8.08564273942883,-1.14668834945108,-3.72340919291828,1.14112965598783,2.27576862766619,-1.34716464963805,2.10187422372448
"LBPSEMA4BRAIN242",-17.6182706518794,3.32932929474243,10.7624793145672,-4.3042479202573,-7.00293879091573,2.38223607005935,3.13621291061551,-5.15677381786924,1.74154773552264,-3.97588213157483,4.43051334671043,0.246573491936061,1.45724434028224
"LBPSEMA4BRAIN249",-14.0718436418869,4.74292802959775,-5.59834584882093,7.26566173248116,3.62695655732419,-11.8089808720807,3.98724129068767,-4.9273334517057,0.299890077739338,2.18970444394397,-0.787105494716072,-3.32214246905436,-2.51933042832756
"LBPSEMA4BRAIN250",-29.0457548168913,1.57858801291182,2.14770487107892,1.42497610565632,-5.24303302306946,2.42478898825792,4.32687222484471,-7.2711536772523,-2.57188024899149,-0.694784288462825,-1.24507762441659,3.60936598132074,2.48798865501201
"LBPSEMA4BRAIN253",24.619824368733,-1.10539928829079,-10.997000919488,10.6223866367242,-5.73581951771855,5.68439696191206,1.15560243623768,3.34159571248492,-2.42163249216206,2.4712891273932,1.76386495413034,4.29648159190185,1.56482070936488
"LBPSEMA4BRAIN255",-16.6437140606745,5.11284899651794,-5.32489014469161,-2.36381455400405,4.79572576396762,-5.15947385192824,3.68931573831168,-5.90842284955488,-3.79253063479759,3.42641728792731,-2.66881819661909,-0.118190142960903,2.33298681923731
"LBPSEMA4BRAIN257",-3.91073059366022,-15.4727184905159,-2.56507634424879,13.4158136507702,-4.30086573944843,-6.0253221616937,-2.06131612864087,-3.27228839062038,0.512158327269919,-2.74569057027458,-0.520427954922942,-1.02416307321069,0.505216355141054
"LBPSEMA4BRAIN258",22.8092091760421,-16.2611714347076,7.00424665974997,-7.84810110222529,10.8877370072017,-6.76039397131713,1.6391425055626,-2.05289531864879,-3.83532785714595,-2.11522058805309,1.30490484287695,4.41555283270113,-4.50249266206596
"LBPSEMA4BRAIN260",18.6788152383728,9.35063387125157,0.946104593393672,6.00971262877097,-2.05452008065064,-1.47099239008941,-2.35138133440236,-4.75883767577591,0.448729994591661,5.11457345538035,1.81564218035663,2.63657623892058,1.79715433632205
"LBPSEMA4BRAIN262",-27.273646447424,-14.4281247861264,-8.71072198756431,-0.946508868667142,2.54291884316485,-3.90401644016584,-1.36248697028689,5.36747057317836,0.305319917256592,0.941594154860538,-2.70803986806406,-0.916712334176832,-2.97177679025449
"LBPSEMA4BRAIN267",-10.5338595615287,-28.9018477094615,6.84631403949058,2.88911385101666,-3.42809855682917,-2.57685653822563,-4.22855496957101,2.60339290760322,5.93547443225297,-3.16348700153278,-1.76462593981029,-1.41807669231381,1.86899692174886
"LBPSEMA4BRAIN270",12.8645714276053,-3.25091493345723,13.3267223951692,-0.740885852151259,13.7520627494284,2.3715987290502,-6.98511291508149,6.58108498883187,-4.05574074269632,1.44885829527011,0.0697214999144976,0.776324092751539,-1.99898744810472
"LBPSEMA4BRAIN272",3.41601966393393,-25.8487430202696,-12.5750012627258,-6.27365467933704,0.94966932991778,-1.77274639403521,-8.25901700834706,-1.67542827127702,0.0878945195763027,0.519489539852236,0.753863075353751,-2.03314451124726,0.461884224706293
"LBPSEMA4BRAIN273",28.1046327987888,-2.99638834508874,-4.4342809811668,2.5932028885975,-2.31350173037056,-4.43960311018077,10.0300792602249,0.953455980920377,-1.28351302911697,-6.27035502587964,-2.43639908750675,1.89947038411403,-0.596122627569724
"LBPSEMA4BRAIN275",-10.7344507455198,-28.0845935225711,-9.21665063430375,8.68611959764286,-4.1266282301375,-12.2653778014058,0.531244756938494,2.78303466850155,3.74377725642983,-2.89137567610589,3.57557579513551,-1.06223152398463,-1.58155235914499
"LBPSEMA4BRAIN276",-5.52790236116414,6.3448739598566,9.65851562599366,-3.94133418789813,-6.54755494948025,-0.0062460478978758,-3.29256073237586,-0.0437150680890286,0.148893520566971,-3.09280414125442,-1.18796897743978,2.51729275894026,-1.82019371898173
"LBPSEMA4BRAIN280",10.7151499039419,9.61062439552447,-4.79713051752687,5.62386637928919,-1.69333316173696,-12.7012039077122,5.26095203605026,-1.7551293564046,2.38560674378219,-2.40789937507393,-4.47632271241668,0.734115694001982,-3.96949486950566
"LBPSEMA4BRAIN285",25.9369485501622,-3.33821137423941,0.798283686426776,2.03778850054974,-2.98585737399757,8.90064959364121,5.44916308331723,-9.43745442499266,1.46575417994134,3.43941758635847,1.13756566161202,-0.426454557331523,2.09983144862784
"LBPSEMA4BRAIN293",-20.4905394906497,-8.27242088507725,8.61256742561034,-2.23078681114554,-8.32835912617324,1.89130951054939,5.51205607490509,-7.00974660921619,-1.78624763194304,-2.61293223838828,2.69382150931601,-3.58521911313647,1.05151042543382
"LBPSEMA4BRAIN297",-38.5614208476219,-3.53375448970995,-5.10959635434042,0.958059958989645,0.124504514198835,-7.3952247568849,4.27831540799445,-3.75350935525652,-0.703538326929411,-1.34230688817645,-1.46193205382548,3.16773459575489,3.32447592395597
"LBPSEMA4BRAIN304",16.643168240538,3.27187530535849,5.70517466260545,8.15286193040365,0.394539142601279,-5.04358121561177,-5.49702032420868,-3.09035464460727,4.54543792856152,3.18972435243617,-3.37586256955268,-4.73951930910382,-1.41889155717762
"LBPSEMA4BRAIN308",-4.50828362996932,17.1882322467897,0.246045839687529,1.14618712996792,-0.766062259183611,-2.85758123167553,-13.7127611555779,-1.06199905842318,-2.15827605068564,-3.92282236862758,10.0537903211072,-2.09700196915256,-4.50350169707771
"LBPSEMA4BRAIN316",-23.6381769785666,7.29337488505284,-4.13716716379372,-8.44287193258439,-2.24050443856064,-5.9019561530443,-1.9086247279269,-1.33266819584352,3.20973510513471,-7.54751294366905,2.76356378620022,1.17362584507993,0.224420787526268
"LBPSEMA4BRAIN317",-10.2231415117454,-3.5380490621629,14.1047787935256,0.856269230099051,10.7512580613048,0.18056840489865,4.53435917350767,-7.34693613540088,-4.42900635906806,7.93861805228994,-1.11871988749806,3.33516363410536,0.147614513640306
"LBPSEMA4BRAIN320",21.0813734907003,-2.81555880826881,-7.67590826824989,0.838055576827523,-4.26447804705751,8.86292421036493,-3.09155887879357,-5.40097191120635,-3.50232360870105,-0.573680482367565,0.267222520850695,9.27758340710463,0.825190287338944
"LBPSEMA4BRAIN322",9.45746014488169,4.24324018501939,0.447876872082344,-11.0836525595418,2.92197807926026,-5.13199657626264,0.0592037629956112,-9.04245299518614,9.09580398007935,4.50712451923846,1.37891575999692,-3.00952474012527,-2.68007552632991
"LBPSEMA4BRAIN324",17.669914664876,7.62750984921562,-3.68995779417149,-4.78668128663481,-3.78173629342117,-10.5647033150392,0.332883379393439,1.61351090536049,-0.0433463225225725,2.39247600354444,1.17008023881481,3.9419885272035,-0.479067308179966
"LBPSEMA4BRAIN330",-10.4238310418486,12.1929280242855,-11.3797556727585,-3.35791038024005,0.220096801433269,5.65182929831575,7.33504800630189,8.97423579131754,-3.42706341802965,-3.08979941945447,-4.33325994868801,0.860636486140924,-2.95402303158602
"LBPSEMA4BRAIN338",-36.423097858325,6.16057959756677,2.42261045311791,-2.02407394281579,-2.61723742045827,3.74213651516657,5.33050246136769,-8.91463379334553,-3.19487656653854,-2.49252359002288,3.08263136130996,2.41572658985187,3.0754086886239
"LBPSEMA4BRAIN340",-21.0872117027669,1.36620725213248,13.3961411953396,-3.38864381363871,-0.0875218163796517,12.0909594071645,14.8334743898902,1.04647958748076,2.85753390500418,6.65006552714661,3.33843459568993,-0.83204588760286,0.933013293556585
"LBPSEMA4BRAIN343",-3.24598991669777,-19.7376816940804,3.99015091892054,13.2104529646612,-8.30914697251724,-4.57917125902965,4.36787712047646,11.2636004568018,-1.77890147863374,-1.86360844137461,-1.73620398354193,-3.02815041575131,1.21852913061424
"LBPSEMA4BRAIN345",-31.4738588497712,-22.7383448726059,-1.29619613933792,7.27724884972764,-3.28157245782463,-2.70668015638469,-1.16416739115991,2.95360016143153,2.63954283795571,-1.21656877686363,-1.75649643688265,-0.22961065437643,-3.22755264489146
"LBPSEMA4BRAIN346",8.40198373224784,7.63381207396775,-5.74865408123155,9.14199980001389,3.13321216528,-1.32181557816324,-5.16348410481282,-7.75234577561401,-3.65987431882741,1.16231695865859,-1.77301554656548,0.190957003496445,0.0485829165816159
"LBPSEMA4BRAIN348",-6.85333825882415,9.62200080503456,-1.28609079150572,-9.46885026023856,-3.37461564937236,-7.50636845020284,1.69009753593601,1.4895516998557,-2.97615921001451,-1.11103934312455,-2.56457064233926,1.82291997833415,2.15769034238781
"LBPSEMA4BRAIN351",7.48732033026379,11.4946520502989,2.26057863762848,11.6297494150094,-2.32382404434817,-10.0755622692331,-6.03379545539503,-0.115026458330641,0.854129975238692,-0.0211826523995687,3.8003729014655,-0.222698176156779,0.906022051740806
"LBPSEMA4BRAIN354",-21.315968328101,-5.93850362948593,1.78570129663564,8.35206747925241,-3.97619992864905,-3.22811528847701,1.56681214332981,2.27586373373809,-0.414941206308395,1.90570010512613,-1.95589359171015,-0.96200450269744,0.690786984093327
"LBPSEMA4BRAIN358",6.9760310568896,9.87619557980971,14.4698744327902,2.33775370358029,1.57606822436678,-4.60940075863668,-2.09319406341687,2.7926764827842,0.610385786838637,-3.89391064475964,7.05255528620561,3.51224719505538,2.97393211561845
"LBPSEMA4BRAIN361",0.453740267920552,8.66461046516587,7.83304328814921,3.55020795334132,2.69982516908845,-1.98201008788746,-1.50443856652,-5.02690088387067,10.5750000154871,5.72542416208875,-2.79230356111812,1.01903872177707,0.416913269232435
"LBPSEMA4BRAIN363",20.6445828050195,10.0614170687764,-10.97233247719,-6.86670466638849,-3.24744627905253,-2.94390265864685,-1.34668922187957,5.37667975652626,-4.19773464865972,4.95700257276036,-0.317286425923068,-1.32076150043521,-3.92045621609841
"LBPSEMA4BRAIN368",-19.8943160080694,-15.9222970136888,3.95799393199291,-3.38800016124284,-2.39379421442211,4.64316028528232,-5.28019197773914,4.30981453713707,3.6860888326168,-0.213797584826504,-6.69964179173898,-3.02395014171014,-0.791979604320507
"LBPSEMA4BRAIN372",-34.8329996020606,12.1877174627838,-5.76608652064378,5.38755636260921,0.538811945339556,6.63237155201334,4.0926697150643,5.24983348182747,-1.36169545283912,0.328582347383984,-1.0523169153917,2.08343559262202,-1.09151619909877
"LBPSEMA4BRAIN373",22.649359330203,-5.83788261046308,-11.6568204726805,-3.64169495986714,4.66673641439562,6.34550970460198,7.65783143096414,-5.68564751977424,1.65565564299421,2.99497810165815,-2.8515016258518,3.04296544193752,0.348513661245269
"LBPSEMA4BRAIN378",11.044081601962,-11.2491710449763,4.51796805134398,-4.44615919835119,-4.08988423490534,4.19204691243686,-7.26483025504457,6.75878094720648,2.6450622628372,7.43375632210687,-0.283529166244671,0.603878975792682,2.78935825047456
"LBPSEMA4BRAIN390",-27.3087507437282,-22.2170973619066,-8.48158983276823,-1.15453589277735,-0.688205858780399,-3.95684276184458,0.189978060704516,1.4899155499512,1.49320645351819,4.9242977550297,8.28206404434068,-0.279093263486969,-9.82442118720425
"LBPSEMA4BRAIN392",36.043252198026,-10.3233697973198,-0.582341042238425,1.43910857976655,7.84235258257461,1.34640825822086,12.7098734531553,0.187621623202406,1.22338648159308,-10.7715903249065,0.161364417946976,-3.51894108772117,0.523259514252813
"LBPSEMA4BRAIN393",5.50119536659191,13.7747336931813,-3.27986538718306,-5.97527528312975,5.18411989666271,-5.31122766913963,-1.510740390355,2.68355411970265,-0.501106076240478,-3.16972138140864,-1.24662628376286,-3.21355261544034,-0.0656941340578833
"LBPSEMA4BRAIN396",52.2451466483405,-0.88292308956457,7.46814507748839,-5.01209708054226,0.0867298274904224,8.66407570017746,-6.91017150340988,-2.29875735355554,-15.0131115213863,-0.441477970063898,-1.18734296770702,-7.80599102552064,1.68126553197852
"LBPSEMA4BRAIN400",12.7098976825962,10.9797678797678,4.54811346113554,0.559007480571233,-3.64901600694844,0.685381936409842,-2.91933570627569,-6.76831690801166,2.6891268357623,2.19605470942176,-0.360059907209316,1.89446978079977,-2.58656226662495
"LBPSEMA4BRAIN401",28.4331884243232,-4.57004791819368,-11.2319704059769,6.00118388437802,-6.7796670901416,-1.46159668601121,13.1978139301783,8.07152288713368,-2.01249454011456,1.14722207005767,5.16425223972823,1.19083525093472,-1.65924069546481
"LBPSEMA4BRAIN402",20.0662088863909,-4.11871527503649,9.70741603815902,2.89800948795305,-7.98343924275298,-2.89618200324393,0.145730000061427,-3.0722518648533,1.022520549771,1.36977916203718,0.243420865560516,0.734991720676187,-0.663447893967035
"LBPSEMA4BRAIN406",-15.5873786665156,-13.8723137997907,5.03696199776074,0.957108450762025,-5.50176661789763,-3.05289396408314,-1.35661004338692,-11.2260482537323,-3.40895479807044,2.00007764213643,-2.09212140003962,-2.97322030105211,0.751508672274424
"LBPSEMA4BRAIN407",10.0542429609075,11.9878285853281,4.58553143008909,4.97377852536955,-4.88924449027262,-1.99614287935308,-1.74566284076326,-4.25796896500481,-0.641754282463917,-0.078896970476912,-3.79979388985436,-1.24308458653229,-0.947392395403755
"LBPSEMA4BRAIN409",-22.422839212723,14.5983924078024,-6.43678146191772,2.12275976837131,-0.634537804167267,5.7958336491756,-2.84520169865162,2.58310075204411,1.91469138292925,-3.1309460275669,1.74256963561548,1.25557292332737,2.25539559090703
"LBPSEMA4BRAIN412",-12.2495786417096,3.98315658656587,12.1783587040181,-12.8334265165923,-3.6257754525449,0.316410867212474,16.4111399244082,-6.03363526104769,5.60095436179629,-2.44711271175435,0.684332600218448,-4.08508727745237,-1.8512177474499
"LBPSEMA4BRAIN413",29.9664660851875,11.1046456514041,2.45781425873483,-1.00841820585759,-8.85999977287488,2.34388395925044,-4.359991214426,4.67252917787941,-1.36254573647256,1.21036673218182,2.30149013539828,3.0654968613126,-2.23156581995679
"LBPSEMA4BRAIN418",-3.02187411273094,-21.5921814982914,15.0101191652995,-1.49050798883771,7.32280671697688,-1.02548484075492,-5.40592056580129,0.125236929518658,-2.74621735558744,3.00510499306834,0.294003699336397,2.83899861625072,-5.75045410107442
"LBPSEMA4BRAIN420",18.2952289350755,8.99000297247994,4.65702241670286,3.11249879404641,-5.13650186705945,0.181016994171029,-2.08726141960661,-4.40787061211851,-2.25560934899401,3.98571119213623,-4.73093981944205,1.63713940430626,-2.56544856533021
"LBPSEMA4BRAIN423",-20.5488249114762,-18.6061741168711,-3.92413776971046,-11.4563461064914,-8.94948810148337,-2.06060286615401,-1.05574320818716,9.57759067237792,-5.80449178865154,-3.25723906434168,-3.36979150426587,3.58065295587991,-1.42174107651312
"LBPSEMA4BRAIN425",-23.9693464535862,-2.25815346497762,10.6203243085314,-1.06327289066293,10.5379201115943,3.02368021744594,1.08781304333538,-2.93653470792542,0.728182398125735,2.73840037356965,3.11713238457689,6.40883177343033,0.684863957499151
"LBPSEMA4BRAIN427",-21.2915234431933,-19.6775217446294,-3.1596664036265,9.98927961752947,-2.74918495569942,-5.51133256822928,-3.46021525179521,4.10691909240479,1.89653885039587,0.742630862566868,-4.49830652607028,3.52757002925049,-2.45288853963214
"LBPSEMA4BRAIN429",-24.091810766713,-4.84603860458706,-3.88214949084714,-2.53053946240017,17.1641454617674,-1.82612640862952,-1.07626010278386,4.23674716591104,0.0911267722633816,1.2222689219981,-0.00825781985769663,0.83511742625336,0.289053917522779
"LBPSEMA4BRAIN432",4.28086762432017,6.20160884257306,-7.69538534922979,-5.66412650829449,3.12193019037129,-6.86948949863305,-5.24254013515429,-7.81852563184432,-2.49233043502757,0.807155374264873,0.55482362871179,-5.85238213102171,-2.50647324113138
"LBPSEMA4BRAIN437",-1.42698158330063,-3.81920044053741,1.84827177310054,-9.92893382427552,2.26040181510608,-4.80494542151429,2.77492470762396,-4.21871356451747,5.97172911675158,6.00457924331222,-5.32063500026336,-2.25685266307927,-0.770721537885088
"LBPSEMA4BRAIN439",32.010136691581,1.20292213201542,3.16207166919929,2.12492033495605,-3.55259554231268,10.7531141785069,6.19913583638876,-1.50482552896557,4.56473980866807,-2.12681995904851,-3.6958903192162,6.20026739114083,-0.213361012071908
"LBPSEMA4BRAIN449",-4.75194861006373,-1.78838146567405,0.154909932262853,-1.50935966361328,-2.04305031345908,5.01584269886084,-1.5215492636223,-9.63568690674354,-3.52739332655433,0.962141655947386,-1.75964224684073,-1.28067151098191,5.36634012081144
"LBPSEMA4BRAIN450",7.2690060945572,15.5619015570758,6.77915646327921,-1.75810959090547,-2.44572355940728,-1.11469933603264,-8.62323942727088,4.78252676745688,0.599595545583488,-2.31321338551619,0.339666665885677,1.01733865550891,1.36669243862617
"LBPSEMA4BRAIN451",-16.4683790433544,3.13914370743417,2.17668526019054,-0.566153443643364,-1.48845030429769,1.80743700390486,-5.40039634881669,4.2647902812975,0.355052219936953,-2.23249028301193,-0.850832076370436,-3.18697474932143,-0.202617800497987
"LBPSEMA4BRAIN457",-14.2401607958494,9.67012925758559,-0.550404664419421,13.4855321501604,-2.87816471989027,-7.75305068416146,0.715862868338818,4.73918839655584,-3.91628117006871,3.54626074543209,4.71292288492395,-0.0594145643338043,1.29221445792777
"LBPSEMA4BRAIN463",2.63046888139852,5.83230616473446,8.4170604142711,-0.141136318207712,-5.29004146976262,-3.50274588271219,-5.43627140082665,-5.10087849627244,-1.416057755425,0.111835398848942,2.85804159816471,-0.868901467219815,-1.466325456758
"LBPSEMA4BRAIN464",1.10711758367096,-18.2368265595517,-9.29261683191234,-8.76827070471022,0.459844195686504,2.68793253761903,0.0475512933338563,-10.0431852525919,-2.35656096618712,2.72668142812729,5.50428353692736,1.77894432442818,-3.59592286635383
"LBPSEMA4BRAIN469",15.1505744254842,6.1399139901434,6.90437175968357,-5.51403320579178,-9.0998755209912,-0.195082225452048,-6.26476384578492,-8.43223347591765,-1.12395474778828,2.3686924213394,5.82374704037497,4.56892716798963,-1.45475999095881
"LBPSEMA4BRAIN470",-33.3558711928412,2.60726010031643,-2.54547995232902,-0.463759438841502,-1.88095413415675,6.26234104355453,-0.295333613893147,6.72342425558651,-0.079502034856228,-1.5812500998722,2.03579494028885,0.173222303521158,4.98917941065757
"LBPSEMA4BRAIN471",40.2258713471629,-0.099465059020902,-5.51007942597367,7.64025249734657,-4.0058982580518,2.48644039048612,-5.14992997586089,-0.540307474568395,-0.44008901035896,-1.12290088358634,0.930558768727625,5.1323334021828,7.16844449211432
"LBPSEMA4BRAIN472",-14.7032034348487,7.31893109318904,-1.081019891794,-6.79087072873909,2.55185745782245,-5.67600798095251,3.44538508225277,-4.68566599873838,-2.11732993421194,0.947397863118408,0.749935812216793,-1.09664837015968,4.74475025325226
"LBPSEMA4BRAIN473",9.0676746187519,9.80633481623643,-7.62576905186543,-6.6525355117539,-2.70853078531337,-7.85938580324667,-3.07854811699906,-1.94731510149675,1.65308967487797,0.092280348951894,1.81115731781256,-0.677951741828913,-2.78089773411004
"LBPSEMA4BRAIN474",15.2427337641132,-5.36019062548299,-5.0123066477817,17.8065053345374,-7.04066628077195,-2.89760153580148,5.0421454251416,-1.6809725855807,0.131805665165948,0.161977361227594,1.39349694854446,1.35121269948716,-1.44374939195414
"LBPSEMA4BRAIN477",-12.7703394383354,13.7637611843299,4.43335324193351,0.0198578170601396,-1.75390226586033,0.930144874936575,-2.9142334076693,0.823407235348876,1.28205956613725,-1.27968724030919,-2.63192507752106,2.16628800026964,2.39767478813968
"LBPSEMA4BRAIN478",19.7674469611803,5.83111825961691,-0.171581067583003,-15.0678185667348,-4.97136043430262,-6.45069082986215,-3.01626882986726,6.0374201404754,3.95826191587013,3.53865642280768,1.60870286253164,1.21271327893895,-0.560355581786599
"LBPSEMA4BRAIN479",-4.51995960678957,-26.4249494068145,-9.06402810790716,-7.05744246433115,-7.66651015494526,-2.9009420480789,-2.430513420611,6.98279249821612,-3.09535738675087,-0.115203087605412,-1.36675696926844,4.68860866729159,-0.786671616422271
"LBPSEMA4BRAIN480",9.24173001667425,2.94299968250588,16.0353101285011,-3.23070864226844,3.62534417325789,2.72200880781908,0.331265985948868,-0.244869534879586,-3.58902979459139,-0.845312841359948,6.73984352411579,-4.69827982220623,-2.63206537810658
"LBPSEMA4BRAIN483",-20.8739722036731,-10.97235699966,8.40475295102026,-3.74972141140245,-4.51082127228865,4.6598472320536,2.23403286340181,2.05574276393913,0.418725920616308,3.47474865507338,-3.19681020347295,0.153893643170835,2.35784025723243
"LBPSEMA4BRAIN485",2.4150101158455,-14.1598300862734,-7.32678810035064,0.134270350296655,1.37045915845083,16.4561750234232,7.67952801665832,-6.93077459100507,-1.78129046588782,1.71159869521655,9.60461758464078,-5.56092043507258,1.25799202587826
"LBPSEMA4BRAIN489",-6.86714617942347,11.0267950991212,4.86612398444648,-0.581468605799112,2.56574669584058,4.6334104560124,-2.34060294440766,6.30213436973808,-0.842939737195641,-0.126983596827551,-1.08076823926845,-0.980230840166534,1.31188542729603
"LBPSEMA4BRAIN490",27.9667409096457,-4.20730295171559,-5.0705510877017,7.26905562359621,-0.311044751279725,6.13817282583972,-2.31383292091419,-11.0302736369399,0.810366688835078,-0.365372457312016,2.32690002200939,1.54896006320035,-1.33031765266073
"LBPSEMA4BRAIN492",-21.2303192942166,12.8349261415122,-4.43094969642727,-2.29163530180549,2.22753927229529,-3.57030492079249,5.14345964576869,-0.253656478730678,-0.530036915503158,-1.18246686373051,-3.37215486086023,1.19205181299957,-1.01436505042199
"LBPSEMA4BRAIN494",1.31083400117965,-16.906134048475,6.36066669472267,-0.825822102570423,7.96829420918905,-0.704608430531004,-12.5645107203509,4.22449374351219,-2.32304457948938,0.0520550327364625,-0.240432701881651,-0.304908269234965,3.14430546201318
"LBPSEMA4BRAIN514",-4.8319534400251,-1.99579279792438,3.96596465251374,14.0197078746334,0.955126469483274,-8.37806335809687,0.186018293210197,-2.50875051664969,6.10177228605847,7.60984911096038,-1.00755388964579,-3.22033179693804,2.27730721773954
"LBPSEMA4BRAIN518",18.4584831081229,9.1753936187017,5.4193500816354,-0.816815508723097,-3.43558094464091,-1.38602098575928,-10.1971714293603,-1.03538610892812,1.30444372247825,-4.03943001771109,-1.4320866816714,0.457704819051277,-1.26105219445512
"LBPSEMA4BRAIN519",-26.9319736238048,12.3689363809945,-3.27943415082093,2.60862814142128,-0.228449976318915,7.90759580853726,3.41082872550364,4.26112150898982,-3.96569382352762,-4.56513242620701,0.448232448972586,-0.0389775431044355,-0.914717089009816
"LBPSEMA4BRAIN520",18.3548942928404,4.74258196078277,-12.2162033453421,-4.80573779783362,-1.76655894700557,0.194627463151347,1.66053771677688,4.11062234829485,-5.59299765992912,-0.10310387696124,1.83280426143172,0.38187078095355,-3.62691597078438
"LBPSEMA4BRAIN522",49.5736171371775,-10.8673678530187,12.1114123738303,3.58417248221145,6.45944258616805,7.99283181438079,1.70739958566813,-1.49360160085912,-3.95680359430902,-15.208210026165,-1.6923672934981,-2.93901045103536,-1.68821307521835
"LBPSEMA4BRAIN526",-28.4090107925567,14.6897524306193,-1.24827228839975,2.20318464599915,-1.92213139231378,0.457393987213135,-3.94937285088045,1.07395230621264,1.09721779314062,-5.23005585816826,1.17964563054043,4.93467855547866,0.205721697109594
"LBPSEMA4BRAIN529",-13.5879171098521,15.9855669628066,1.59234739542388,1.32302105709226,0.520234245734632,1.91699362780638,-4.16897058279431,2.82498923841577,0.949640225516736,-0.846907232060536,-1.61387340211452,-0.84657280965106,1.55860851582759
"LBPSEMA4BRAIN530",-9.39039099092973,5.12474806739724,0.900591831966505,0.989644285709592,-4.24777889209761,-0.0708141878914614,-1.14303708552154,-5.04663802418157,-3.13661184809352,0.590417714874426,0.40021660250123,3.18034965575365,5.20213763459066
"LBPSEMA4BRAIN533",51.0617109736183,-14.236608148337,0.0134377850402001,-14.6355985503513,-7.03627670538448,8.73668679203774,9.1367414309261,4.48322929251486,6.21405027376022,-10.5289532104452,-2.00470686366182,0.679532600508771,-5.11749244738075
"LBPSEMA4BRAIN535",25.8969126105405,-10.3354320655873,-10.72699695602,5.28218900044195,7.06057651820897,-1.57746387072178,8.66794113813041,3.9168383142758,-5.74227936057739,7.43600722237486,-0.64692420254358,-4.30219176066692,8.38576274425322
"LBPSEMA4BRAIN537",11.1637164510149,-0.585029945299455,13.4897146742148,6.76996350683773,-11.1822065231578,-0.500952173850714,11.2001496417271,3.43557497608041,-1.00080898351826,-8.30070479340235,2.83688973274212,-6.97912663174033,-0.231003043520808
"LBPSEMA4BRAIN540",13.4282355731915,9.49155546977424,-5.48442883221447,6.7986448990119,-2.93864436483161,0.729446367573955,-1.81796600514581,-7.49921130841253,1.46546368976448,3.58851655608746,-1.6678084593961,5.33865576582228,-3.23652451213567
"LBPSEMA4BRAIN541",-12.5512980423487,13.7965805938687,-0.0518019944102787,-4.17093066648825,-7.55365802067509,5.7788800029868,-0.680180152475637,5.61874651826007,-7.21594705996793,6.99154171996916,5.459128172783,1.88074448552108,-3.80007749755713
"LBPSEMA4BRAIN545",26.6573428849135,3.27509116265138,-0.789527077299151,-5.51485391552114,11.4856716809229,-1.67145607319966,4.77444599543555,0.33720089634233,-6.32150848264779,-4.74663877457666,-1.86963631431377,2.84378753417182,-1.03869859465356
"LBPSEMA4BRAIN546",-0.0980265447999316,14.6642144701856,-3.82851063235284,-3.07740747246174,1.02302813305142,-7.03258171438386,2.10687322751394,1.35816351190459,-1.27516385062221,-0.482707507182323,-5.19459230492124,-1.40516027627185,0.637788266873004
"LBPSEMA4BRAIN554",-18.8349375259272,-1.86145625570151,10.8848626847278,-0.347363488133904,16.4644570245064,3.34876068245786,-4.31231601061613,6.00968286583789,3.14738878970739,1.79359119198369,3.33370933349689,1.90897474616196,0.0528457627195135
"LBPSEMA4BRAIN555",-25.8568213274022,11.3066478828012,-4.09472113201051,4.03448325706577,-1.11840949425305,1.5899606889685,-0.0639705870843328,-3.56119527349977,-3.87168697011008,0.273531335389291,1.87605888197918,0.598754961214235,1.07193575589711
"LBPSEMA4BRAIN561",10.2465290425903,-5.82198907455421,-0.0489045496383601,-0.722597408512965,-6.62241567855951,-0.107818848277896,-5.76183923248404,0.255362028876904,-7.7930973006222,7.58365710199783,5.09924913437654,-4.45831890773894,2.6988002032751
"LBPSEMA4BRAIN567",14.6050230845353,10.9230792354555,4.06925129910842,1.85133976930307,-3.91267166227531,-0.315113897334354,-5.30489769424891,-4.21417243866567,1.88189760861626,-6.32699482297242,-1.17765474187309,0.617358158689225,-0.0426423308813026
"LBPSEMA4BRAIN569",-8.17189180270019,8.90429803739037,11.0300121201757,0.286304152716842,16.0968343927382,5.672340157963,-0.328412602409759,2.02388760186844,0.480565130185576,0.739674146649567,0.373587419984615,2.34879267457785,-4.6644017164362
"LBPSEMA4BRAIN570",-42.7864836690314,-6.52696567488725,-4.95980286104484,1.79197012287606,3.01379838740704,2.73791722833346,-3.62772336732983,0.458718799236135,2.12999164302776,-2.51377294532758,1.05539877642964,3.05323809905326,2.72149054380927
"LBPSEMA4BRAIN574",18.103799230251,6.54980528545863,8.3003905023056,3.91083997860198,9.40652661939012,-0.102077009609064,-4.12172130655783,-0.854656220540703,-1.40210903400941,0.162594750337378,-1.96246622041621,3.26258873863994,1.49996777156124
"LBPSEMA4BRAIN579",-14.0596405424383,11.8382118757312,-1.00877013947689,0.674345499126259,4.87085347609866,9.62682607186388,0.53758284029926,4.27936309389675,-3.06912978628551,2.31343730598168,-1.28032685903434,-4.86402564650177,1.83073762374196
"LBPSEMA4BRAIN580",-6.13439890647215,-24.9948286796139,-3.72721962307513,-3.53931600477519,-5.36919039969744,5.18785539896831,-10.0935506191068,0.668949963949193,3.34328047224319,-0.945171779289879,-1.34265371639578,4.41626379938663,-7.21590377572414
"LBPSEMA4BRAIN581",14.5766642354978,-12.2703283138415,-16.8534344340249,-4.37009003727309,8.98233184070184,14.7219937619345,5.93699368024332,-0.9036781598802,8.06478754677089,-0.707884806508309,2.08009579977905,-1.97787157064093,1.93835532124595
"LBPSEMA4BRAIN585",23.6172972405696,7.22478749721348,2.14807947120388,-11.7149313990385,-9.22681658220329,-8.0591924703296,4.15845852356117,-6.07010849768515,3.04587160090303,-1.0553990125801,1.83650054690178,2.66608870656986,-1.81769126045731
"LBPSEMA4BRAIN588",44.1695750752564,-6.57046021422187,-4.25131406286695,-12.4888129515179,4.91814853930919,-2.25099865460364,-3.96046358318759,4.48373077662035,5.00695574007864,-0.851939217022493,1.75633815939369,-5.26542542506138,12.1938698439834
"LBPSEMA4BRAIN592",8.70003438843698,1.32342933843398,-3.28988164360235,5.82905695022754,1.95124360178443,-2.42871072716809,-9.11365812256147,-5.83321902794354,-2.92097031117696,3.54928893459042,-3.45614786088797,0.948149818380205,0.525728080631407
"LBPSEMA4BRAIN599",10.3742790528311,6.20073018414531,6.7143271824455,-8.94790645001374,15.0859899780167,-6.97856557212905,1.57295989637147,5.57664778001828,-1.25403608848916,0.190575262872131,2.00717641760339,1.08264431732064,-0.171975708687729
"LBPSEMA4BRAIN607",32.6178646817344,5.84087745669818,-8.36998031564062,4.99525528904113,3.62015152557097,12.8807331205219,-1.14677256371596,2.70815185079215,2.56993241960666,4.16760736368157,-3.19833809818096,2.33619819262831,-1.0192910100672
"LBPSEMA4BRAIN609",-11.4268393871862,6.34121049964257,3.89326222566244,2.70238795338647,-0.283961189000911,3.9999040017292,1.88091141152891,-6.8751969970349,2.25296916991036,-4.63735281816828,-2.53248065377796,-7.18386046056768,-2.99127697615834
"LBPSEMA4BRAIN610",-33.4259093892578,-13.755121511555,-6.39266136728249,-6.35860672315559,-0.989676658324886,0.00742885451989422,0.33630381071655,2.8761435824044,3.94932415188974,-6.66582506255317,-3.22079720998131,1.15369428756653,4.40023151052321
"LBPSEMA4BRAIN612",-5.51556812432158,10.2273440553892,-3.7134106465988,-6.74008082316388,-3.66502504194337,-3.530311572411,3.62331030774092,4.75105681278881,-2.99112219485169,-5.43659430862845,0.0164143186407354,-1.18216213401386,2.90016170675087
"LBPSEMA4BRAIN613",-4.30471342284504,9.11954050869828,-8.93228844147595,-3.89041274752302,1.32499391678897,-1.33865241916678,3.12166989036929,5.2992629102449,-1.20392441390588,5.82584416649873,-0.813437892975732,-4.09119184814672,-3.98161941951191
"LBPSEMA4BRAIN623",-8.62564765396571,-31.0269319094643,11.9404614564301,-8.54497910548118,-12.1897156314411,4.19297601645457,1.09933523050898,-0.340465432079831,4.15725567040374,3.94802931358404,-1.55566851519552,-1.30618257764369,-0.435251292884338
"LBPSEMA4BRAIN626",-34.756597694782,7.32741614262978,-5.0534948145956,-4.12534462845872,0.078511072421291,-3.95667699782724,2.78679902156059,1.98760430698118,0.218181690107005,-4.14088109828661,3.19678289094846,3.44106574363253,2.42190758120086
"LBPSEMA4BRAIN627",-38.0693190035936,2.97876522964802,-0.744458776800281,1.87277454110557,6.8753475135555,7.3601835193709,1.81617706570966,-1.00597249887258,10.6830606831985,3.44203472830332,-1.49178299546625,1.73071560688463,1.15043868606336
"LBPSEMA4BRAIN629",37.0168549886923,5.29583696705501,-13.0205963791334,-4.13699394538379,-1.60656902277495,-0.682603095074405,0.81768142042345,3.89048836679605,-0.657925299579861,-1.64370116729315,6.06869174734933,2.14179370451528,1.28243102465564
"LBPSEMA4BRAIN634",-20.0973530400833,-24.6501879458541,4.06066177253463,-5.62684072310546,-6.1773077339054,2.7542461903382,-4.44190258886223,-4.15083319971531,-6.3105879380695,-1.85131784609513,-5.31114680421306,4.55412308745179,-0.445886878856901
"LBPSEMA4BRAIN637",-10.1082393688558,-1.39530261729738,4.63669014431956,-11.7879291265146,-4.43192479302763,-3.78514517822668,7.89301323320303,-5.96773419620041,-3.18946156831488,-2.04715684049268,-2.63221184814522,-0.280787347145449,1.03534610080827
"LBPSEMA4BRAIN639",-8.72993534209236,0.568804062425948,2.14765273413786,-4.22464825955819,-2.43027786594778,5.46334750755362,-4.79480983043758,-1.20046312671314,0.488207355452527,-0.0289613467350751,-3.61238694879775,-3.48232291300097,3.94715006856438
"LBPSEMA4BRAIN647",2.17351609419021,6.83904976076609,-1.20898654755138,-2.07293805815976,-0.284673838652916,-11.3705135254291,2.49881084991216,-4.62148592613641,-0.335849278231443,0.430479908687489,-1.34986598642109,-3.10403274717637,3.52824969558478
"LBPSEMA4BRAIN649",-25.9399187947087,-16.5936958435703,-1.66587271485989,2.66599446354377,-4.77496297379375,-3.48333585878223,-6.30836449331984,-0.524313315704966,3.47717378262853,-3.52300754286286,-1.29213377959486,5.29236382768029,0.448439967408064
"LBPSEMA4BRAIN651",-6.76274324482257,9.24887245476265,-7.21458858068399,5.49612810250699,2.74893783331598,6.12420371556173,-4.22443219941563,1.05806948728476,0.390249219018506,-4.14612869202463,-5.1668917608893,2.07694293007505,-0.764539183434722
"LBPSEMA4BRAIN652",-24.6630922481688,-3.96721803199482,4.62678116130393,-3.51615051834002,18.2977940097769,-2.092424011559,7.39139386944605,3.92302177341797,-0.704992524598584,4.6921167005086,5.55044034177113,1.00897229427869,-0.147470757995228
"LBPSEMA4BRAIN653",10.9240651110286,4.27802332119952,7.28316209567521,6.026176430649,-11.6043864408572,-2.76651072663129,4.90589499572629,6.77861122169245,-4.06592006002102,5.38576810816721,5.74578481733659,-0.214586649775015,-1.22415790011377
"LBPSEMA4BRAIN654",-18.6701527910436,4.97463280401083,-7.08172126041627,-6.02158771999614,4.777128472617,1.3199555682703,3.37503616341737,-1.28349978716167,2.57468874644984,4.82359472034703,-4.35545894145562,-3.13133146169507,1.16986239020444
"LBPSEMA4BRAIN656",-19.9413720536403,14.1380870223461,-0.908669859183285,2.73652757643648,-2.18996031941759,-2.06328598406512,-5.1705439423224,-4.50687592844517,-1.14824121323437,-2.48924255866677,4.22978589759279,0.277073221221521,2.29443863331208
"LBPSEMA4BRAIN665",-17.3971563051758,8.12392927480803,7.56746856031928,-5.84407881641297,-8.14340904489645,5.07673644961952,4.10810455345814,-1.21352194589327,-3.99403507452652,0.59191247431144,2.70724566139094,3.70358135272929,4.85709121401501
"LBPSEMA4BRAIN673",11.4632678409897,12.3388448829407,3.88624797462662,10.8682735586166,-4.46484247232585,-6.87788446214751,-3.61815294260948,0.78333504193152,2.33007243102694,-1.84928191906158,-0.0614435081520065,2.09050908104052,-1.77006426514618
"LBPSEMA4BRAIN674",28.0608463617935,0.484237946903114,-13.6373569678098,-0.211286732342415,3.81508204831828,5.10693090648849,5.91464759667609,-0.325567761093248,4.34152532805961,-5.46222484605887,0.83202667500027,-1.95082814490787,-3.90956270106638
"LBPSEMA4BRAIN676",-14.6954556762532,-8.33203816773166,5.64745555904453,2.50179294622665,-6.15374987755849,-2.02111174631696,1.66251222635888,-0.637524808946857,-2.04473098144423,3.26744914020663,-3.67651446884654,-1.43621118506737,4.58460348578667
"LBPSEMA4BRAIN677",-21.1306138369839,-14.8048243092574,3.05453910185814,-3.56601863502721,-6.98212291171021,0.259935100999642,-6.49164632660755,-4.24164212547604,0.0267572065972891,-3.61103460264956,0.260426648663042,0.0369206625834189,-0.681154806256582
"LBPSEMA4BRAIN685",12.7071024999838,3.2865493436503,19.0125628726024,-3.01749538204738,-14.2108599488233,4.46182292347155,12.2045632454852,-0.477671773267799,-0.93778265541789,1.00162399360776,-4.95032139789031,-1.84244531943392,-1.9476631937372
"LBPSEMA4BRAIN686",10.1014937523752,-2.89324598384069,3.79750575029517,-2.36485070730436,11.3770599305862,-7.30486892385777,5.14745219180318,2.51029299383483,-2.80470061516369,3.54259758234376,-3.18851839240916,3.78971052246786,0.262688760872208
"LBPSEMA4BRAIN690",-8.21180041526129,-21.6564423810827,-8.13482542519352,-7.340727410687,-5.96052438872879,-3.46560534172651,-2.84994081513736,5.94320625716968,-1.99587364400034,2.51056290697415,-1.68642721009901,4.27921449306596,-4.4663375901267
"LBPSEMA4BRAIN693",-22.9625480595907,-5.30905574434542,0.891250555949884,1.90115216329644,2.00778138144353,1.50744006286569,-2.77608114239277,-6.47799985672633,-1.51774208317557,1.04409453189436,1.00579294533839,-6.9240431341023,-3.11402338106547
"LBPSEMA4BRAIN694",23.4757084458742,-7.55890169698733,11.0884275820855,-1.55228902666263,3.10271954909224,-2.73207740849297,-11.2089819130362,-2.66068095139939,-1.92430611134629,-3.06636248205668,-2.75469773037884,-0.0618925938291595,0.89657336734436
"LBPSEMA4BRAIN696",-5.43275341745005,14.1626570645901,-4.36672219115214,3.20025193707085,1.91423682549045,7.49044293185578,-1.58158353527275,4.06459344886358,-2.9809274809811,-0.33286386191132,-7.63523822215051,-2.5167876562226,-2.41673658834555
"LBPSEMA4BRAIN697",-11.4776095023912,-12.259036048476,15.8025728099322,-0.643378506213892,11.0147137566481,3.4356154792654,1.18573976594369,5.17385077609129,0.311625312533208,2.25796794201971,4.20035747206056,-0.745517773912771,3.27561222548534
"LBPSEMA4BRAIN698",8.20782175211444,0.229097775700351,-3.49659031581735,-12.9222101891651,-10.0678008253912,-4.04418721956511,-0.808004521822046,6.11783571368071,-7.98230132664354,0.620586107850058,-2.50776361660867,0.611206898615172,-2.52679534066716
"LBPSEMA4BRAIN699",-17.6150817961078,-19.0240838918968,10.1670529890824,-13.8452239454415,11.2720866107318,-4.31972195978849,1.16264441250185,0.95132765823433,-0.716612041036075,2.62591440435152,6.16590981911181,4.19454967015882,-3.32462551012003
"LBPSEMA4BRAIN701",28.1933800353431,-14.4043930840842,-10.8952204842031,-10.2822628251543,3.01703060712461,6.58409732198523,-1.41165189961962,4.49851175176054,5.85894292100502,1.60264197334374,4.38072295540771,-2.39421742624105,3.17347887012306
"LBPSEMA4BRAIN704",43.5554343878096,-1.31387438644186,0.599639519629666,-11.4160904701203,9.91345242241578,-1.10844534220948,-0.150557960305785,-7.48799778830857,-11.4003998284393,-2.43556741268753,-3.93228691176522,-8.90187698677598,3.51769023941314
"LBPSEMA4BRAIN711",18.3736869343579,10.0111395288302,11.2685657990937,0.448196228449535,5.21212138177745,0.829436619314109,-5.06962770222791,4.14073410903051,-3.24572727516195,-1.49081701317346,4.01058887374408,-5.27902476037393,-1.56829634149482
"LBPSEMA4BRAIN715",13.5686904361564,12.4849089240969,12.6067348312873,-6.46370020278509,-3.01866301613383,6.00076052112192,-4.88537816539727,9.06248422591231,10.8129205041933,-4.58322034033392,0.222197929364478,-0.881395888060522,1.47156613297068
"LBPSEMA4BRAIN717",-9.9289798179765,-0.859227734598477,6.1866820960647,-2.65314129038655,-5.83001115970115,5.25919389213164,1.50956982614143,8.84794994581092,-0.452821093398856,5.20391813768024,-0.578161775825314,0.099826855034075,2.51059957308925
"LBPSEMA4BRAIN721",5.61203476673825,10.4584731380808,-1.90735882236952,3.01439143081699,0.850377913799033,5.38713987554926,-4.13694286834238,-3.72802354305712,-4.11470260916775,-3.27126581152047,-7.6561321683563,-3.70368169861834,-5.39163279093093
"LBPSEMA4BRAIN723",14.6748236672441,1.18656255859863,-3.31924370671224,-10.9122347175248,-1.24510270712261,-5.16731719333048,-1.36267322660084,0.499622679923817,-3.83291957419444,0.271879768732473,-2.31641984707715,-1.70910473681978,-0.886852948726257
"LBPSEMA4BRAIN730",31.7377452976704,1.18874923762178,-2.91386754510042,-8.92007670279808,-4.97526152237171,-1.53416669418346,8.45677865870241,0.962003826942848,3.16978962319013,6.55562140829978,-2.7360940429842,1.46269297244515,1.98347417521609
"LBPSEMA4BRAIN733",22.164081253389,0.844630154298247,-7.51705748649843,0.544736529646651,-4.26166147790746,2.91117992519518,-13.3998190661576,1.12664488818266,-3.74172287704799,4.98829714706488,3.19599531894164,-1.66272793943183,-1.20854670103328
"LBPSEMA4BRAIN736",5.36041080698044,11.875036638926,-10.2360381618857,-1.31589897626987,0.64828469942602,-5.6727495172972,0.116995699175184,-1.23361767683684,1.04620313919715,2.0528109521507,-3.33843593459348,0.686085120996305,-5.01861182687798
"LBPSEMA4BRAIN737",-20.1621589958041,12.2496995978813,-0.120801554650899,-0.569877947709101,-3.02884838367448,4.27261750023737,0.692671571718617,-5.68275640261386,-0.75421092998969,-1.48647166813869,2.4321423041632,4.77805331898731,0.911739313174145
"LBPSEMA4BRAIN739",19.0950847233427,-22.2962695088779,4.94412928463307,5.10813649819331,7.76091089984244,4.34862155780881,-3.54438720569325,0.316235816788412,-1.58714829096063,-1.18315260897703,-3.42287596198934,5.11387130588918,-2.80090308559194
"LBPSEMA4BRAIN745",17.8188972412672,2.46083298033986,-3.17017415967955,-10.1572654449371,0.380624090087536,-6.51732609616315,-3.91473462644025,-4.7689698137002,7.35408692384975,2.32998497495472,-1.13662853099818,-4.27413119674846,-2.24793305641192
"LBPSEMA4BRAIN750",-20.2320547015968,15.8904671793969,-1.24679617582904,2.79994408620997,-0.674422816374332,0.873625277778191,-2.98666924234386,-2.99420717642491,-1.63820243348756,-2.9467167324511,0.801643883229662,2.18087331115932,1.48517510819935
"LBPSEMA4BRAIN751",-11.400500333458,10.0760979454265,-2.77526245167952,-9.61478063507747,-3.08634611480136,-5.3261989653888,1.17130233496145,-1.68938921624895,-1.76287949095346,1.16957407230751,-1.28510128071675,1.48995356205007,-0.403422033212447
"LBPSEMA4BRAIN759",-3.72854243172488,13.518399945189,4.07105803643616,0.477229824832113,2.30048367644859,4.89028614901611,-1.52140301127455,3.00822193684088,0.130881886654757,-2.45956291682696,-1.91555381067657,-4.03971049367068,-1.22886902903211
"LBPSEMA4BRAIN762",28.4010454277693,-6.298398332428,-4.06815174228563,-1.18252422287879,11.3860071309043,-4.35423448980686,2.96071581797594,-1.70143158316835,-1.79576588722983,1.81596570277975,-1.41695062627145,5.58810263116489,4.15100159361299
"LBPSEMA4BRAIN770",-33.3690739532507,-12.0871689144647,-3.357968016426,-5.44500526406841,-1.43031466927153,-2.77488339914813,1.83383046776339,-0.497927932062296,3.75214917675466,-6.78687254280901,-0.155684293974347,-2.69123275835079,3.65928242638378
"LBPSEMA4BRAIN771",12.2671246989927,-5.90326426910721,6.07951968318289,2.5772478906119,4.9045003912494,-10.7548052423671,11.1408887970299,2.43106051310609,-2.04786472096413,0.447479638392185,1.52665079663751,-2.64977423282956,2.6142353724954
"LBPSEMA4BRAIN774",37.503037402155,7.38246049635938,-11.3310646817631,-7.6242501996026,0.588137189657785,-0.149619040035947,-1.8109121705109,3.17252174020492,5.33836507628701,-0.066874948010096,3.13789553336143,0.912754012557415,1.17771056035949
"LBPSEMA4BRAIN776",-16.9905150354909,12.2962345122092,-0.0450419845567272,0.630438752796882,0.0801029068413703,5.6715541688263,-1.8834554460322,1.56946913640901,1.84865210082529,-5.57954493254441,-0.180803968457185,-1.44662344621213,2.09628543166868
"LBPSEMA4BRAIN778",1.1111445061175,9.77876944191937,-2.80716372763359,3.62988148302315,-1.60522233134973,-13.1025731480266,4.88794030056503,2.46333047776772,5.76950576149662,-0.0339306591276796,6.31359309326353,-2.64180024350787,0.0776161250784867
"LBPSEMA4BRAIN779",64.5308577193926,-15.186658735861,-22.9043977393331,3.7806849493203,3.19564761283754,1.09541566667302,-3.35124629734911,-0.772527651167265,1.31987129445491,-0.290210388026703,-3.13355276763322,2.1242262893117,16.2889074607857
"LBPSEMA4BRAIN780",-24.7308581662068,14.1656147237357,-9.5736690958834,-2.9913570275591,-0.879878121343844,2.62721784074609,6.48356798368669,8.0203551312503,0.778097037226476,-1.54313606608035,-2.48086800711514,-1.00340045214658,-2.98597037547696
"LBPSEMA4BRAIN785",-27.7870289133749,-20.0257370836152,-5.59735931613233,-4.65971755354644,1.8285965966579,-3.26831816664421,-2.77968947257492,-6.53292908368295,0.259026109572986,-3.15543649359028,3.68216813830775,-3.85910030591158,-5.62817526355953
"LBPSEMA4BRAIN788",25.0756840201476,-7.6460199160373,-9.01340114781397,6.42474326658266,2.53396202191816,14.3554875109929,4.22271116386773,-6.59610432643343,1.30825477374735,-3.07890103326103,1.14534125358348,5.85436676494604,-3.4137282373696
"LBPSEMA4BRAIN796",-35.0137529261575,14.632324412092,-7.92698199665103,4.42637673891443,-0.244960029722678,5.81826645282417,0.846323266172858,0.159893761357895,-1.0789588185819,-1.13846665485481,-1.93784607030403,1.00212520470337,-1.12607951294954
