"","PC1","PC2","PC3","PC4","PC5","PC6","PC7","PC8"
"LBPSEMA4BRAIN003",-25.2733952058993,-1.05834430619353,2.2065924221487,-3.20964988594646,1.20769817105647,-3.45793656526509,0.205092365194565,-1.84378124944164
"LBPSEMA4BRAIN004",5.89776415175284,8.90433577523785,7.84487918847437,-7.58422482758919,-1.77179129991872,3.71406980968994,1.68437779780722,0.898396845706417
"LBPSEMA4BRAIN012",-24.7202331727496,-3.66280637448374,1.73012154929859,-1.16391302962603,3.55622291493124,-0.311516918901599,-5.13962603765339,4.97968795374253
"LBPSEMA4BRAIN013",25.0479472803561,8.85840996045042,5.27987632221359,-4.06727001516138,-2.50323857228929,-1.87781534490794,0.275379180741194,-0.601061364623162
"LBPSEMA4BRAIN015",-37.386508278806,-0.145275512218413,4.56993237819267,-5.28669709403176,-0.545608179040936,-1.6173881187549,-1.49607088604301,0.769338273584919
"LBPSEMA4BRAIN021",-27.0141512725453,10.0360921322371,-0.263610067447917,4.73335637645711,-0.811872532697145,1.85990574943397,1.63141069567389,2.69933128031735
"LBPSEMA4BRAIN022",-11.4122301508661,-3.46843853048374,2.27445640474223,-6.34668978051997,-2.58880723492036,2.13361879153974,3.17626033634874,2.17705896351834
"LBPSEMA4BRAIN023",21.130946805908,0.838985472408511,-1.90258653195159,3.96318569606978,-8.42577086841461,-5.24899242817517,-1.18956730389125,4.57324749732102
"LBPSEMA4BRAIN026",-3.62365319034553,0.719320613474639,-1.01186996668403,6.16655956322058,1.64435860765557,2.39335660295936,1.8179332081452,4.28182631773717
"LBPSEMA4BRAIN028",-27.0753929111444,-0.819819308924677,2.73847126497457,-1.41312601918395,0.761783272013838,-1.57910538829629,-1.92675045521921,3.14350905808287
"LBPSEMA4BRAIN029",-14.3571902246867,1.75864490365416,1.24929798454857,0.665213444653185,3.25172065978802,-0.103109947982514,4.17439019792401,1.34285449723976
"LBPSEMA4BRAIN031",16.7013745241163,-7.17587602102041,-0.634870831442195,0.808583666177754,1.13801357966675,2.15324002370334,4.37422671069316,0.646335541650194
"LBPSEMA4BRAIN036",-6.74953761885364,-7.91430809688473,2.16311027327596,3.00455710102704,-2.70416344421283,-4.72886003618242,0.13598720570562,-0.983632295895652
"LBPSEMA4BRAIN037",33.3514641955129,0.254345805638136,6.70937355842249,-1.23433741577773,2.5222538829339,2.30998457020407,1.55649451230406,0.452333550467874
"LBPSEMA4BRAIN040",-1.04242949393274,0.216294806686472,-1.57467860287229,1.05250662534584,-3.75028407427243,0.202634796976334,-0.329806573579083,2.13983545422551
"LBPSEMA4BRAIN043",21.3447957996657,5.52654119380285,-8.30834811649278,-4.96189691021493,-1.87644801997039,-3.26175233069555,1.22128105794896,1.44455240319247
"LBPSEMA4BRAIN046",-5.75578670914867,-6.20422484753577,2.47746193388524,-2.18513535183692,1.64688687146982,-1.96622624236891,0.958017145788717,0.172981815943017
"LBPSEMA4BRAIN047",5.70027262409073,-9.60860246471197,-5.86011679954218,-1.3040377077922,4.44276215517599,3.1065558636604,-1.14213132967231,1.89927575351079
"LBPSEMA4BRAIN048",45.8127843704101,-5.12969713333125,-0.799583715851802,6.76507596122724,6.02855895886528,-0.111355837127132,-1.09238464031427,1.08173115733514
"LBPSEMA4BRAIN051",-14.732403299034,10.3330866269169,-13.0210735812485,1.15761061751143,-3.7628744521756,0.862370250689767,-3.28942063891378,-2.18318954470075
"LBPSEMA4BRAIN054",25.3138688754221,6.93189538268391,4.61909056004711,-3.62207566995898,-6.12283211217566,-2.40361070705913,-2.24363018281566,-0.956540691124217
"LBPSEMA4BRAIN055",21.6087533137393,-1.54299055716965,-7.87800822621554,-3.61054178074546,5.33890811291187,0.808566649549683,2.3497107691639,2.01158229541772
"LBPSEMA4BRAIN066",24.1601647027246,5.27927730910767,-3.15280496605844,0.571410698968609,-4.18626874358076,-3.39622619326628,-5.31705434882289,0.58015063806653
"LBPSEMA4BRAIN071",12.9544326463532,0.10272661009209,-0.916464801064699,-2.15354934513218,-10.9925494141069,-0.0949237587912875,2.0735001484607,3.58243967566684
"LBPSEMA4BRAIN072",20.4964513372992,-3.01764753662062,-10.2715898577039,2.04334476939598,-6.4940767202446,-5.28180448456673,-4.12868781986196,1.00617384582952
"LBPSEMA4BRAIN081",-28.9036169184002,11.5546804237436,-0.595535141851456,2.82638723119141,0.269586217735985,-2.51349592539524,4.07597565557849,-3.11723205659104
"LBPSEMA4BRAIN083",2.9284354030125,-1.03382029615321,-4.14493652925162,1.66300089904947,-3.39983846729991,-7.82596808009017,-1.75867468388715,-1.39856350679036
"LBPSEMA4BRAIN085",-18.178111859739,-5.70050624735513,2.05055541097486,-1.26097884806163,1.04268458456817,-2.6274331718984,0.227631285932462,-1.41528586413549
"LBPSEMA4BRAIN091",-7.84184733198612,10.9799971764033,7.98925866144506,-6.81767112307542,3.79160897993141,1.39614541968684,-1.44190902666318,-0.216525127569599
"LBPSEMA4BRAIN092",-24.4855630243804,-4.04459060463613,2.69050588568459,-3.44651324743314,2.31936076576038,-2.40468147199222,-0.477068031711291,-0.546704950145621
"LBPSEMA4BRAIN094",-4.3737974386238,-4.25563576628985,2.97486850708365,-2.64388843965504,1.86387815237828,2.73170616515214,-0.329114111398636,-2.37740307390043
"LBPSEMA4BRAIN096",24.7162699154391,6.48491594301366,4.91340401411304,0.029034067915033,0.29398280933969,-4.6512806302587,-3.59221214619138,-3.18647645602292
"LBPSEMA4BRAIN098",-25.7019766684846,-1.80337332815427,3.91535488076109,-4.91299384902806,-0.814413789148514,-0.983749381912733,1.98326911565812,-2.0047791214709
"LBPSEMA4BRAIN104",25.5494872618934,-0.409524763973795,-10.2497910046757,-0.686661824341075,-4.90637004630228,-4.3063518400229,0.226083653117519,-0.981030504412513
"LBPSEMA4BRAIN105",-15.9813467036675,-4.4619922203567,-0.863928377927909,5.56911630640434,-1.90330546536083,-2.93041798476186,-1.94506826584115,-0.0918439791123292
"LBPSEMA4BRAIN106",29.0478705666946,2.33814641830827,7.84339370647169,-3.2010945892684,1.30560398861893,3.93997611032684,-2.32557787173542,2.84884071002408
"LBPSEMA4BRAIN111",-15.2118365973676,-3.60460931822851,-1.65654182182905,-1.62096968768085,-9.95123285344537,-0.384535814762758,-2.80527132948616,0.424679795980761
"LBPSEMA4BRAIN112",-10.4108858209509,-7.71112566771336,0.627984563565982,2.7400931176812,0.452593849668105,-1.50861400666418,-0.716110562549334,1.84388191969902
"LBPSEMA4BRAIN119",18.3797207142745,-1.29827595889702,4.94651648250772,2.22637429239253,-1.35170673682032,1.96463082120724,-3.48381038456514,-3.49755545261264
"LBPSEMA4BRAIN127",5.61911190646912,-6.53260669757115,-3.03709167222281,0.511557062816629,-2.20641873404206,3.1175855096701,-3.02804739002676,6.23443008242956
"LBPSEMA4BRAIN132",18.5964425366174,-2.76997027890649,3.3919371397164,1.44935929202375,1.7249061777924,6.36008706344684,0.614533571135534,-2.13798590091891
"LBPSEMA4BRAIN133",-20.5698649047221,5.85648089005988,-2.22111998147188,1.10845315258765,0.358499608929945,1.92278191735484,-1.15449080202947,1.68251783810517
"LBPSEMA4BRAIN134",-38.8565803558015,5.48818028953336,1.98515701099597,-11.8464127568631,-4.89924801118086,4.19499389012541,2.98909399197136,-1.73405038513651
"LBPSEMA4BRAIN138",16.7015208205468,-1.23336161552865,-10.4901566429136,-0.111094973147255,1.58985308063805,-0.637002636074738,-0.473499251803501,-0.351027703574519
"LBPSEMA4BRAIN140",-21.369491047019,7.97135458498077,-0.261749418839833,5.11097862426254,5.66922051886463,0.088282890003285,2.62359207366326,3.02988693675316
"LBPSEMA4BRAIN141",-29.0002504748972,0.602627629134622,1.72394054071713,-2.44083092572485,-2.25381302629267,1.4584595903512,1.41183517114955,-0.0832705553532505
"LBPSEMA4BRAIN147",-23.5699502740101,-2.68062679990687,2.85906910774575,-3.94431740358938,0.924027964550461,-1.32567932779116,-0.77785706822294,1.77677583141216
"LBPSEMA4BRAIN150",34.1154076337379,1.64417988886483,2.17972322871637,0.628590818813003,-3.48403426661506,-0.127353006273471,-6.19337424358264,4.40954020645797
"LBPSEMA4BRAIN152",-6.51944751383485,-9.78475190607996,-1.55788590576606,-1.1908337589571,3.86415862603151,-1.45956241869606,-0.13473367096505,-1.3596816753855
"LBPSEMA4BRAIN154",-1.4150130649491,-3.87168953503852,1.439818874723,-3.80181358668417,-2.2299315324561,2.45386663019675,3.96196533170502,0.798589368852819
"LBPSEMA4BRAIN155",20.3985694029951,1.23292839406771,-10.0288660497912,-3.30746914475609,-0.348892166587489,-3.03996466293125,2.10596298364807,-0.948506180448438
"LBPSEMA4BRAIN157",-27.1061059910605,-3.99395754320872,2.12804461123375,-4.99909266450428,1.14839571581595,-0.19198119447105,-1.46289276175664,1.97183229469809
"LBPSEMA4BRAIN159",-5.31086593402583,-1.27257951715815,0.616669159060921,4.72354690699564,-0.471053222831611,3.97908079156074,0.631585491348329,-3.22347179900156
"LBPSEMA4BRAIN163",-14.0036552239244,-4.56166157013189,0.407979312095378,-2.17977206292998,-2.75674642124762,0.571253491582905,0.067835492632175,0.216459748454411
"LBPSEMA4BRAIN176",9.56471198345953,1.614311860534,-10.7767989902124,-7.62118859114616,-2.92595477068012,-0.756812431667143,0.682241554779575,-5.14592565278448
"LBPSEMA4BRAIN178",12.7713650530879,-0.315163545665009,4.75425780048809,2.38471685328344,2.70062376918765,4.73373202612523,-6.40546038319172,1.26047305613509
"LBPSEMA4BRAIN180",32.3770116206358,-0.375086222765938,-1.13942196216819,1.48824828343728,0.0947805583059094,-4.23157454566961,-3.46807583734907,-1.85038422216396
"LBPSEMA4BRAIN183",13.9672327725442,-8.52796231797539,-1.52784898086813,5.05300733602584,-2.39873037419936,-3.22067291149755,-1.12437304524015,-0.0861333808776751
"LBPSEMA4BRAIN184",-6.9065557786833,22.8193760713742,-0.0860189408710052,3.50504400203105,-1.69625952024385,0.791983341362864,1.02076580798505,-4.39650505588716
"LBPSEMA4BRAIN191",-14.5010256393745,-1.05237732020129,1.78543165377498,-0.443023833440946,-6.33712519332632,2.2676697482886,1.03342367306504,-0.196901957986819
"LBPSEMA4BRAIN193",-21.6967444653698,-2.70368644536304,-8.7557535012502,-5.63093899815372,5.13185937919948,2.09831555852088,-6.35406879715388,-0.917877190838764
"LBPSEMA4BRAIN203",-5.54457977768863,-7.30164041731461,3.32273984519634,2.52367908962438,-1.29979405025308,-0.22644450910498,-0.805913331719719,-3.76853107039099
"LBPSEMA4BRAIN209",29.2497214821221,-0.0821194377408627,-0.665078252855489,0.912587740579746,2.42565944572241,-0.277274837654798,-2.78040629978007,-0.88014075942095
"LBPSEMA4BRAIN215",-30.9804979958279,9.46461141992071,-0.907816527954563,3.89637872010393,-3.22598761882178,-0.0963048877341114,2.6991363885873,0.21069646321261
"LBPSEMA4BRAIN220",-12.2495299852536,-6.40259414537284,2.14556820185318,-0.94406482358058,2.71310067834783,-4.971234221866,0.281022394592136,-0.441809155525425
"LBPSEMA4BRAIN224",14.3949051529232,-4.21115091258329,3.10432003831166,1.63384401627984,-0.822681045590504,6.57914002576521,-0.894013455045751,-0.0202258946111725
"LBPSEMA4BRAIN227",-17.5634382752562,-4.83334359230621,2.89419369981118,-0.946267526774018,-3.30983549609981,-0.573548922965017,1.22540540133027,1.15604330024729
"LBPSEMA4BRAIN233",-8.55314752831614,16.8568234885932,-5.62160964255377,2.55111679301747,-4.52585751562208,-1.18724668905064,4.03094698926056,0.71672975214433
"LBPSEMA4BRAIN238",6.35457448303637,-0.327007784783003,-9.874856877345,-7.24061509573997,-2.52041605861042,-1.31013808837091,-1.85810896354613,-1.3148412336754
"LBPSEMA4BRAIN242",-16.3173893122814,-6.25763920019201,2.63404736151569,3.65347293255309,1.85615464731184,-1.92339705622349,-0.207521740210414,1.81350466394141
"LBPSEMA4BRAIN249",-11.6438240496937,-3.25392834061826,-1.18316682646561,-2.23950703647738,-9.21175944080614,3.30879881717431,0.0539638588900335,1.63232162212347
"LBPSEMA4BRAIN250",-24.9647625192084,-1.0243988700549,2.7422455365476,-0.803411711551058,-2.17837723599159,-3.40860013829416,-0.435494769843802,1.5344366126077
"LBPSEMA4BRAIN253",22.0319481780755,7.81416350941306,6.29952908621024,-3.40220373191369,-4.51719259143495,-3.49766611820814,-1.69550188847782,-2.5513971204505
"LBPSEMA4BRAIN255",-13.5756963751456,-2.6792101867926,-0.0195005896050497,-3.438223103437,-3.98512304065955,1.84631258168147,2.4980083048397,-2.18551858768737
"LBPSEMA4BRAIN257",-4.45171185580744,7.48355498844424,-1.59774932441126,3.21108455055784,-9.08416052612167,-0.402787987088385,0.642563524117452,3.75070775369277
"LBPSEMA4BRAIN258",17.5987651894477,3.25123971411202,-11.0143154075047,-0.293947972040659,0.558480898906093,-1.35477013851195,1.33810050081018,-0.609194865479405
"LBPSEMA4BRAIN260",18.059057650179,-3.90063647478622,2.06677180131871,0.274665298857591,-3.7600202505034,2.93839940121966,-2.40508727336164,-2.47154918742803
"LBPSEMA4BRAIN262",-24.8839564472614,8.16448238598688,-1.50077407737242,1.3891542953181,-0.481427731968934,0.678540563777795,1.88674209420103,-1.03013882862608
"LBPSEMA4BRAIN267",-11.5880867940869,11.7402052174885,-5.0586376880946,9.5099164903169,1.92183765581543,-0.353366255868636,0.432156232664583,2.65648304384372
"LBPSEMA4BRAIN270",10.6083911208432,-1.58133097385129,-12.8481537397447,-2.79285458964902,4.99778581552667,0.296474325426597,-0.0490308503600873,-4.59446595797197
"LBPSEMA4BRAIN272",2.09848009547462,14.8356127517313,2.05437419875571,3.10086277995354,1.56848813386879,6.36802959763961,2.05628607016861,1.72334709958869
"LBPSEMA4BRAIN273",24.2910048391603,3.39255210476871,2.68719249113604,1.35499557462137,-2.67291616761792,-5.72183565764077,-1.6380324511732,-3.26813933804357
"LBPSEMA4BRAIN275",-11.2844605032141,16.6212699159313,-0.00282294225730598,9.0579178035926,-5.27316134392715,1.80895235244597,-3.18071976054337,-0.52457349086303
"LBPSEMA4BRAIN276",-4.88820712049888,-9.16241670703703,0.941590748064505,5.05709646657084,2.86190044643995,-4.19634926996972,0.500483552351212,0.52560928234662
"LBPSEMA4BRAIN280",10.2118565718818,-5.59347612463382,-1.32179312229445,2.98373119516833,-8.74353694106006,-1.06611880373666,-0.630592835187345,1.57576113212896
"LBPSEMA4BRAIN285",22.5974738877697,4.8312388761375,5.6053050238613,-4.40220234285811,0.378770833453257,0.835801043556707,-1.67499500416451,1.25646707944629
"LBPSEMA4BRAIN293",-19.3293983253077,1.0102437367309,2.32836929633214,2.67553695819986,0.809820567774114,-0.799361580672138,1.38154226753774,1.81460779352089
"LBPSEMA4BRAIN297",-33.5016887422778,1.2946037094129,1.52510067699855,-0.552296807403132,-4.45399372465364,-0.181276199645273,0.104294658444388,0.0390442750660711
"LBPSEMA4BRAIN304",14.5754637633528,-4.95766776094204,-4.34426699205095,1.37374711523213,-5.35785959231284,3.69606244191429,1.15833943502999,3.54030795270446
"LBPSEMA4BRAIN308",-0.842188663305475,-9.80507489793186,1.33689501915242,5.57171806118407,-0.121722015227275,5.12345206073951,3.79708703278632,-1.66165838553228
"LBPSEMA4BRAIN316",-19.3525949532039,-7.34011682165547,4.33175524160827,3.74706216613184,2.29763996255706,-1.91958582812517,-0.290319093373593,3.05004678753427
"LBPSEMA4BRAIN317",-9.57608241790626,-0.45795491859595,-9.77216521339607,-5.32910437540326,-2.18206932859192,4.97400051592117,-1.47578240570673,-3.69804118994327
"LBPSEMA4BRAIN320",19.5282147517231,6.3797457167369,6.25838872430194,-2.44205782856803,1.05342049197986,0.134512046557891,0.637981706058113,-0.743180303436161
"LBPSEMA4BRAIN322",9.5434944046327,-6.62515327516652,1.57045285176973,0.732162749656701,3.58150691879132,7.66007220713651,-3.02752943818847,4.20859622616978
"LBPSEMA4BRAIN324",15.7497830267933,-5.75589780285132,2.23362000959793,4.91254960413248,-1.6284013988706,2.49942159183578,-2.0457246226039,-5.26817357011323
"LBPSEMA4BRAIN330",-8.60989255321167,-0.352875975928331,3.13919705737371,-4.18091094289611,2.30318967079168,-5.60903910744735,2.2735046801537,-1.08292217502944
"LBPSEMA4BRAIN338",-31.4619190094059,-3.043142573267,4.23816435539589,-2.14824718080912,-0.970740626325046,-0.360158559953841,-0.190051273759487,1.69761620594061
"LBPSEMA4BRAIN340",-21.1529392172779,-0.696687270626154,-1.96976595578281,-4.71926566075141,4.56665082098509,-4.49726768999496,-5.77069476170569,0.814558170980353
"LBPSEMA4BRAIN343",-5.64626186723124,9.61755498931201,-4.38986049505526,6.00172005586636,-3.54556752629802,-6.80061828475953,0.134371184347555,-1.0209835034272
"LBPSEMA4BRAIN345",-28.9636641194785,11.2764237479478,-1.91822316615087,6.05312335427589,-0.799580901518465,-2.48548970494132,0.919549942970718,-0.744607116561549
"LBPSEMA4BRAIN346",9.37701401812064,-2.2330344357847,0.508673752086072,-2.61769150799175,-7.37724282770195,2.59369375922307,4.80118288393979,1.86227076404586
"LBPSEMA4BRAIN348",-5.6620226343973,-8.36344215948822,1.63698981110217,2.4458898681574,0.383527036691595,-1.06987377277286,2.87132007603043,-1.53367800818815
"LBPSEMA4BRAIN351",7.91840315669643,-7.62892830183278,-2.01954466284452,4.24660248123349,-8.78214323122177,0.895897022195863,-0.941883491147463,2.19567704122261
"LBPSEMA4BRAIN354",-19.68971549669,2.13959904130811,-1.00229238552902,1.02755851919086,-3.52661963243456,-1.24190926914333,-0.37190316293256,0.420365535983087
"LBPSEMA4BRAIN358",5.73404857466446,-9.44940049138116,-6.86145017308049,2.83078299073614,-0.30437066467339,-0.828497629501126,-3.84442069142165,1.19246039060969
"LBPSEMA4BRAIN361",1.25901268049319,-7.32120038339144,-1.96640031239846,-0.373851585715763,-1.64972209463455,3.64615154978453,-3.24899768936193,5.02188851498813
"LBPSEMA4BRAIN363",19.4245870849084,-3.22021166951328,5.45802065302107,0.670171416513047,0.929682537576062,3.37486403332586,0.829782493867297,-5.83414219037428
"LBPSEMA4BRAIN368",-18.8829151698293,5.32785943516892,-0.568417180328793,3.40543096044943,5.87532204712777,-1.44094680807034,3.03091370960176,0.624440258368619
"LBPSEMA4BRAIN372",-30.3023618241031,-0.82553497996524,2.42087692718046,-5.5842573110445,-0.478380461217867,-3.7949263503321,-1.1577724570976,-0.227962981180351
"LBPSEMA4BRAIN373",19.8435132594645,9.34036918778407,4.80700804015601,-7.52152511165693,1.57405737458796,1.32151488536253,-0.822483964183942,0.660575134206998
"LBPSEMA4BRAIN378",8.38309030206797,4.01631855234795,0.213901103740838,4.05581639783789,6.49353077142728,2.22704442328607,-2.80250341417223,-2.69804080251249
"LBPSEMA4BRAIN390",-24.9274914177625,13.1290263113164,0.915087013702804,4.7637407732694,-1.29799802023811,6.708156741072,-2.53174478461873,-5.18559186537747
"LBPSEMA4BRAIN392",28.8692025832662,7.86272920611367,-5.4122522790495,-5.08601425425475,-0.398503646713949,-7.06289981907376,2.09158687066801,5.23709882534589
"LBPSEMA4BRAIN393",5.96073690346417,-8.61615317413649,-0.7347492030545,-1.53968880096563,1.60602459236668,-0.509085081834763,2.38763954232589,0.362717324119796
"LBPSEMA4BRAIN396",44.7885500791455,-1.64488725011905,-4.20346663409441,-1.90240374114119,4.77160652731591,-1.52864863316495,14.0181980846167,-1.04767480152999
"LBPSEMA4BRAIN400",12.5045813873655,-7.36040696496571,3.24731799388053,1.43481218591533,-0.146197160349081,3.37199401842781,-1.40141810444043,-0.996870967884027
"LBPSEMA4BRAIN401",23.4565169793936,8.25280172466592,5.38131589773779,-0.369744546855891,-5.21711170910731,-5.33646757866279,-4.17225790355728,-4.97796575461374
"LBPSEMA4BRAIN402",16.9072648131056,-2.00686512084682,-0.74974279762604,5.02128740833313,-3.14085793971026,0.123157482844122,-2.0004885490575,0.0765592759818844
"LBPSEMA4BRAIN406",-14.1347242340822,3.31084194450126,-0.63239949910556,3.24386203605245,-4.09285866341866,3.77777393404261,2.9547011984038,1.73212928008627
"LBPSEMA4BRAIN407",10.0885791980401,-7.77759753401966,0.226011731550509,1.45766549549943,-4.40687192928447,0.560276688769796,2.14237016933835,2.08874871594765
"LBPSEMA4BRAIN409",-17.7308734786762,-3.61179069941514,6.46876070763348,-2.71928398853478,1.68633030103827,-2.47870637437988,-1.58129995938587,-0.809616837505589
"LBPSEMA4BRAIN412",-12.3662704991605,-6.65539597685379,0.431962657592049,0.149099922663211,2.96144763575944,-1.09568681662442,-3.32218479458991,4.05737205497916
"LBPSEMA4BRAIN413",27.1392950052653,-5.06899177820243,4.18337959287082,5.53622267653951,0.985698702923725,-0.155050078760839,-2.02967581127757,-5.97756922517352
"LBPSEMA4BRAIN418",-4.74713500060117,6.45536286770004,-12.6885179249522,3.93866540343089,3.35817994552301,2.52306596357834,-0.331127855342516,-2.7733016937778
"LBPSEMA4BRAIN420",17.1989683779285,-5.33779937759617,1.984419087091,2.20961787017652,-2.12627440762322,1.26784884293792,1.15309797518248,-1.7869408571011
"LBPSEMA4BRAIN423",-19.5794072658818,8.30147277315432,-0.394068783480113,9.3920303409087,5.82540836619656,-3.88783800577681,3.23416037073763,-1.81336593292091
"LBPSEMA4BRAIN425",-21.6840686157122,0.877409230029809,-8.11608929068606,-4.25118783247309,3.4073169260412,3.3824165174284,-4.48727912752385,0.314717732428966
"LBPSEMA4BRAIN427",-19.473085368476,11.4045426232618,-3.25497281449177,5.8739779383383,-4.03321511917764,-0.624957155431328,-0.291724805680373,0.876924499938443
"LBPSEMA4BRAIN429",-20.9143282311989,4.11041903938167,-8.32791394844134,-6.12433903788006,2.16123891956071,3.3804272166695,-2.58202768915542,-1.51194536809462
"LBPSEMA4BRAIN432",5.1930851962748,-6.31620978629624,1.67750583598308,-1.26650110539158,-2.95225615133029,8.27345950253153,5.00321464506296,1.02834450523157
"LBPSEMA4BRAIN437",-1.5182359894034,-2.17481343440911,-2.60452283816325,0.849943453330162,1.92266450066705,5.54116232294621,-0.634487741690534,4.15601833661256
"LBPSEMA4BRAIN439",28.2078145399211,3.45013308878098,4.54869624007977,-2.06148165833207,2.91617153753564,-4.64988436731004,-4.68892748024734,0.826796587741884
"LBPSEMA4BRAIN449",-3.36443944168264,0.601756856124864,2.7608343968095,-2.76691012658718,0.0703733158087539,0.6217509737038,3.19671374062372,3.69276710518275
"LBPSEMA4BRAIN450",7.62063549592548,-11.244547524569,-2.06552679415872,2.59452365048424,2.51150549318103,-0.689705214066185,-0.0164040083655377,0.143049397031936
"LBPSEMA4BRAIN451",-14.8109395731411,-4.19280575612043,1.08059510881973,-0.0145349040487834,2.26096168430688,-1.52453903716993,2.05667236537968,-0.888461076942354
"LBPSEMA4BRAIN457",-12.4832171235715,-3.89689260463184,-2.26069706606054,0.311433758912312,-8.80625499714407,-0.237030370737215,-0.679212702476766,-2.65314434131102
"LBPSEMA4BRAIN463",2.62332443216543,-8.20754262987419,-0.966040939476045,4.41893787104173,-1.6293931324247,2.06234775056994,1.20045149842889,1.76238004681759
"LBPSEMA4BRAIN464",0.00384932707070561,11.135059979767,4.26026721356125,-1.01312351661084,0.544054978769238,5.16358569745246,0.90224940845326,-0.014435101326604
"LBPSEMA4BRAIN469",14.6555017394079,-6.67266967529817,4.18640921902736,5.97329527245138,1.26920149921065,4.37674407438188,-1.80259685324009,-0.450295767714456
"LBPSEMA4BRAIN470",-29.3988209343,1.69372748597635,2.54420371237113,-2.21687775214949,2.27225864022386,-2.77796099762432,-0.599541461816265,0.503500507934996
"LBPSEMA4BRAIN471",36.6113201148935,4.63624108306002,5.20498150650451,0.487487186869462,-2.71345010678779,-2.57299196041612,-2.06863249879993,-1.76330748601104
"LBPSEMA4BRAIN472",-12.101695398258,-5.26805543796247,0.154656405994078,-1.24643440698108,0.00637800184225779,1.82855075713406,1.28701636727663,-0.195031450063218
"LBPSEMA4BRAIN473",10.2162085183248,-6.47412016583424,5.77089256304588,3.77570846103791,-0.915712592105316,4.72581048900414,-1.10940756081382,-1.23752057128372
"LBPSEMA4BRAIN474",13.2694316802951,6.67441844944702,3.93024561783521,0.447061242197725,-10.4954753613875,-3.05321933920281,-3.75269273316563,-2.19436594598672
"LBPSEMA4BRAIN477",-10.1421597710512,-9.19636826490522,2.02765367498471,-0.418369219794178,1.8108021158608,-3.13746113854917,0.877188018151433,-0.600517079124287
"LBPSEMA4BRAIN478",18.1174108009312,-7.24612276705237,3.1666648544114,6.22224450838022,6.68381388416223,2.06762160087461,-3.45125497153664,-2.63698154549437
"LBPSEMA4BRAIN479",-5.79611673766387,15.3772388427268,1.67359085648701,8.97029143935663,2.8240670533443,-0.556340828384286,-0.415146416558259,-4.80547993908802
"LBPSEMA4BRAIN480",6.93739536014503,-5.88100049425952,-7.15515855553863,0.361665030470712,2.41112700272916,3.18931277255004,0.299483949601448,-1.48756331753841
"LBPSEMA4BRAIN483",-20.2958485923045,3.12358992408042,-0.802049338695782,1.9432961941627,4.95615393172228,-2.11874532512122,-0.432462611882617,1.6252602552373
"LBPSEMA4BRAIN485",0.239128189763044,14.9807160318186,7.40312611466832,-8.65237896711391,2.00819208917983,3.10116879988032,-0.0783077938509959,0.145060772401833
"LBPSEMA4BRAIN489",-5.80573538098149,-5.46972408388698,-1.98646350002794,-3.04509074997165,3.97876683341002,-1.54700832224165,-0.00257463129893038,-0.0915626300269007
"LBPSEMA4BRAIN490",25.0484037337016,6.05463079819392,4.68247282740203,-2.80868934874375,-3.15099944103239,2.75865671937939,1.14598028135667,1.37266774923726
"LBPSEMA4BRAIN492",-17.6979253775363,-6.37595205444454,1.58279330844923,-2.24623956472864,-0.317768472335471,-2.58771676448186,0.964986306940369,-2.2487199227916
"LBPSEMA4BRAIN494",-0.0919169917019145,6.22167325606136,-9.50420392611772,2.26320294552881,3.63721229869738,3.20447130930567,1.79852166651126,0.663162758015058
"LBPSEMA4BRAIN514",-4.26197001310257,-0.199086087335877,-4.47636894779921,-0.12710972083131,-8.97238174160674,4.0333806973448,-3.18351713568903,3.77910991076883
"LBPSEMA4BRAIN518",17.6131806584844,-8.68724335854726,-1.2324434908687,4.69596697056875,1.59329522865607,0.192541203140453,1.68961921583323,2.13953356288755
"LBPSEMA4BRAIN519",-22.9778031670058,-1.95873632839564,2.93183825449096,-3.77496234966858,1.14416822031793,-4.36938814076095,0.797627679831251,-2.11320492796966
"LBPSEMA4BRAIN520",16.8206452756499,1.00905372903404,4.0062171441289,-1.27606578539788,-0.256898244260654,1.26401486575202,1.01956624916629,-3.45787091984238
"LBPSEMA4BRAIN522",40.7304126968047,4.87767402474925,-8.66375575277831,-0.955468021490258,2.70254328848812,-8.428029358644,5.0223331856585,3.70797300991016
"LBPSEMA4BRAIN526",-23.0419604997443,-7.306995546298,2.85505511711454,0.899319756134857,-0.150791791783567,-3.26609186070203,-1.9383881671387,0.141272537149119
"LBPSEMA4BRAIN529",-10.469331586441,-8.79082227601194,1.77338499749443,-1.92189823497197,1.88720252527389,-2.24540414047025,1.46563674984656,-1.30497029578666
"LBPSEMA4BRAIN530",-6.52815968089103,-2.96249711872137,2.03396601607454,1.34997006669402,-2.74350734210575,-0.0422368619203824,-0.000805415350597721,0.811882173126917
"LBPSEMA4BRAIN533",41.7627448083663,7.79953008362653,3.7534751944521,2.85727139756288,10.655656746125,-5.98488187531068,-0.969076143950536,3.09705260588783
"LBPSEMA4BRAIN535",21.3573376598679,11.7170701776631,-0.808682411576788,-8.81174926840905,-4.2927676057811,-0.0120754560406662,0.165518797443504,-4.56026115020579
"LBPSEMA4BRAIN537",7.5747809623058,-2.04676648597589,-0.738472687905428,6.44104829697986,-3.14133979911668,-7.42941874109926,-0.415573372517531,0.504739968877854
"LBPSEMA4BRAIN540",14.2311461701229,-1.73911029195652,5.80578238639713,1.64514541312751,-5.06037271521116,3.78136061484687,-0.863399260783328,-0.792622210393153
"LBPSEMA4BRAIN541",-10.6068216380713,-6.0566603943427,5.07842984613558,0.273969975786991,3.43993541883604,-0.161468195086674,-1.57866426222903,-6.89460704380944
"LBPSEMA4BRAIN545",23.2914175641487,-0.661253824231603,-7.34799802825192,-3.51823054453214,1.33719210195792,-2.41067102717224,2.89210092522427,-0.993370684751064
"LBPSEMA4BRAIN546",0.93710537855568,-8.68486340189375,0.673351888512941,-0.658157419008383,-0.818528872119088,-1.89171911309539,3.90721496086137,-2.09795802490733
"LBPSEMA4BRAIN554",-16.8843548067624,0.2815539683194,-10.9436790544307,-5.29236844312766,5.14000109980259,3.3165569557391,-5.72306307466136,-0.330851336786212
"LBPSEMA4BRAIN555",-21.2900447926571,-3.56905169998194,3.43832711060472,-3.0444294930308,-3.78346277918261,0.150216471005917,1.45097344695856,-0.112932963162779
"LBPSEMA4BRAIN561",8.29205038368353,1.92024959821615,1.90836459374571,1.46512809743259,-1.83645439965102,7.04085554351949,3.25984006275973,-3.56488121827398
"LBPSEMA4BRAIN567",14.4640106669214,-7.31924193242104,0.969211060814221,4.25896103211193,-0.894452026603496,0.435503802366888,1.15862353812761,3.61366308239036
"LBPSEMA4BRAIN569",-7.30831670171928,-4.54283862990324,-9.59709499845654,-7.28055603636637,3.95810585977577,2.35714495886562,-2.62800566421642,-2.80936151640006
"LBPSEMA4BRAIN570",-37.2922233549764,5.77693965098706,1.65030685898457,-1.03122891411022,-0.163389554966537,0.238401478555508,-0.239450143372508,1.05169942673494
"LBPSEMA4BRAIN574",16.9246110584869,-3.9631616293701,-8.68537797997806,-2.86992464546142,-0.0410640748971033,1.24470250314026,0.284812010109902,-0.320938770903725
"LBPSEMA4BRAIN579",-12.4839985607686,-2.53146639202133,1.51047721285852,-7.56666561652251,3.804667635945,-0.485310383030518,3.1899950894525,-2.29338015145122
"LBPSEMA4BRAIN580",-6.34168671593972,14.3778747122855,2.13672598851216,8.01578664497423,4.9303263327547,2.87354699404273,-0.478921825699503,-0.273622272679025
"LBPSEMA4BRAIN581",12.3782165028875,16.0035488133557,7.79111336201382,-10.6338376469321,6.28345053266132,0.719868318389696,-2.507705832332,4.04337808507134
"LBPSEMA4BRAIN585",21.4964086611607,-8.37268539536624,4.14429723860684,7.86027325017285,-0.137422960201359,2.76037264482661,-2.31124939157629,2.20336562764571
"LBPSEMA4BRAIN588",38.9668465045897,2.32292463787098,-0.33167266299342,-1.5889660414569,7.99454770500263,2.56379048985677,-1.33071305231707,6.28676387563551
"LBPSEMA4BRAIN592",8.71814204737511,-0.689275731798975,-1.64142923266561,-1.18490637095772,-5.69887951270363,4.2197869506902,4.13323960459448,1.85795896863807
"LBPSEMA4BRAIN599",8.79087777571923,-6.81315925985819,-10.6899361786165,-3.14172039605815,4.83899433790867,2.11150257917139,-1.52052996645113,-1.4831023988847
"LBPSEMA4BRAIN607",29.895027791006,5.62286631524163,3.81779125316542,-6.89887817680293,2.0944936728829,-0.565708857110866,-1.86351087753597,-0.119243785673747
"LBPSEMA4BRAIN609",-9.76274935736926,-4.58813567746553,0.965205209650787,-3.16641728036546,-1.0541650314833,-0.0219592831460782,1.82938170084334,3.05070660630476
"LBPSEMA4BRAIN610",-29.4556352873774,7.90397736550668,2.23967863601221,3.41309616904228,3.20380636557361,-2.45656754503405,1.13533457518546,2.18942145030657
"LBPSEMA4BRAIN612",-4.42792691790074,-6.34290938491688,3.49211143947247,1.92105065976591,1.67372931841448,-4.90823266847838,2.63120676126471,-2.39730649021185
"LBPSEMA4BRAIN613",-3.68399311208006,-3.47681123728677,3.86147819547972,-4.18861651341706,0.215313902107542,2.88507444016877,-0.171557789375153,-7.39804875892258
"LBPSEMA4BRAIN623",-10.3421608938872,12.8098190708907,-1.30835955369654,10.6381461967341,6.92879766196394,2.50103317124576,-1.66769714601779,2.46962213796831
"LBPSEMA4BRAIN626",-29.5153344294906,-3.79264814897567,2.50900854580238,-0.381068874126103,0.595462830935245,-2.27909940681012,-1.96638644541267,0.371887147992824
"LBPSEMA4BRAIN627",-32.6177683567868,0.850344037381845,0.408619186117533,-6.04647362162128,2.36700994908554,1.32271967311216,-5.6715769227549,4.80347632522878
"LBPSEMA4BRAIN629",33.2120295206419,1.47898763095557,6.45537109680569,1.24651833712008,1.30087092148984,-0.543660908695249,-0.617584313361157,-2.51256847769525
"LBPSEMA4BRAIN634",-18.8630706978641,11.3933849629289,-2.68271168719252,7.91109288934239,2.65484348945514,0.328317639873498,4.26590714951182,-0.414653017412933
"LBPSEMA4BRAIN637",-9.69745905500398,-4.09412630965863,1.42125852120715,1.9429184344606,1.51848620653714,-2.54782591443824,2.87008619877524,-0.848194053570472
"LBPSEMA4BRAIN639",-7.30662867613906,-2.14366334113598,2.21762887960341,-0.454533658431764,4.57002995171425,-0.95576060225612,3.27262329215619,2.16221926312705
"LBPSEMA4BRAIN647",3.06980167551732,-6.54201388630878,-0.0779698541811375,1.45732191482611,-4.79561235322484,2.57983425516178,0.721269168462501,1.8775853694076
"LBPSEMA4BRAIN649",-23.1188571754913,7.72447098636763,-0.140689978649354,7.3404370220862,-0.957222212209146,-0.249576570824596,-0.373527335204543,2.97284160643285
"LBPSEMA4BRAIN651",-3.61039312642032,-0.182219108738682,2.51999015235571,-2.49049226620086,0.519241347725645,-4.24685641681815,0.664308175068135,1.11511336359919
"LBPSEMA4BRAIN652",-23.2429338242604,1.82274206072539,-9.84004295165742,-8.37549960697743,2.07743401726995,3.10069025836478,-5.59250610579663,-1.63202709226318
"LBPSEMA4BRAIN653",8.39758809155413,-3.46640780997676,-0.0871626891356237,4.29641906533343,-3.18465663974623,-2.4429966451642,-3.44415152866645,-5.7123338392114
"LBPSEMA4BRAIN654",-15.4867620146598,-1.09992917615816,3.10358254635578,-5.40193025160864,1.69743130733588,2.63446646510934,-0.0691365658367452,-0.19303780034621
"LBPSEMA4BRAIN656",-15.6542948010985,-8.11306703434933,3.81490416878945,0.601111269668444,-3.07844526444762,0.0779902629323353,1.49209856909666,1.9722581033311
"LBPSEMA4BRAIN665",-15.1641318446071,-5.4312011550943,2.6663101995631,1.20093392057546,3.04327108094296,-4.77100910401947,-0.656785300725649,-0.584481912559253
"LBPSEMA4BRAIN673",11.0047425711984,-7.94431171683664,-2.15974248583513,4.47101525663738,-6.8456309047645,-1.54276694616112,-1.22872477842551,1.03310312851705
"LBPSEMA4BRAIN674",25.0567531005515,6.36835961196762,5.52402837309499,-5.33134715676806,1.78016756404718,-0.663411658191962,-1.40802751036874,1.5309948745483
"LBPSEMA4BRAIN676",-13.8232895352346,1.15493128285609,-0.268672391509367,1.74670311483181,-2.24732822052139,-1.63225443906752,1.97734163172444,-0.219217644836972
"LBPSEMA4BRAIN677",-19.1396415394557,5.16911059203097,0.543613949489464,7.14175503179906,1.02284952572839,0.470865504282043,1.52327462606972,2.66513510729918
"LBPSEMA4BRAIN685",8.98812161795757,-7.68019942359857,-0.0624436422847031,4.27625135899747,2.0830408352322,-8.34281146710029,1.80555970696893,-1.50610028979997
"LBPSEMA4BRAIN686",8.30321043655493,-0.594817173500693,-10.380244619118,-3.80579900732615,-0.749900568388718,0.902742134246345,-1.14593652995643,-0.968699650645435
"LBPSEMA4BRAIN690",-8.33492305588372,11.883009917999,1.49901031374993,7.92623114127104,2.30390302002979,2.72271058944148,-0.756646031594243,-3.85594452398815
"LBPSEMA4BRAIN693",-20.3770363102625,0.958206101292501,1.54573337877137,-1.48077613128429,-1.42742489419232,2.30117636328303,4.70616665859922,0.0833115205703027
"LBPSEMA4BRAIN694",20.6513294592522,-2.04589772422116,-7.60130946678255,4.41872138048768,1.59943619963162,1.43430442127892,4.30392581085369,0.57968990955843
"LBPSEMA4BRAIN696",-3.86900540206792,-3.52881978843369,1.6648833123585,-5.28945796035727,1.35064565730942,-2.1930319332318,5.06594859329988,-2.79258423008245
"LBPSEMA4BRAIN697",-12.6791230573786,3.84696398799011,-11.235628274474,-3.33662921010807,4.3850446895987,0.986857509508749,-3.97196631761185,-0.497604387986004
"LBPSEMA4BRAIN698",6.77324832538747,-3.98095920828492,3.48800803405541,6.22670835943053,4.51387768449758,-3.30816053133032,4.11383764955247,-5.47869013547295
"LBPSEMA4BRAIN699",-18.592270513039,4.41306956766814,-11.0233481227858,1.82896871244998,5.26101333679627,5.52636191804623,-1.96107003536073,-2.48837657784999
"LBPSEMA4BRAIN701",24.2474623626786,10.4385560890528,4.57859547377947,-1.89933900881554,7.30254571068476,0.676750931271332,-2.29764045036032,0.342216295029848
"LBPSEMA4BRAIN704",37.5900048476433,-1.37776234355254,-4.8609547528662,-4.75911483384541,4.25852920887104,2.48921479440449,13.016881062427,1.62649796175127
"LBPSEMA4BRAIN711",15.8699915488614,-8.02497306283074,-7.04411815802352,-0.502772081856511,1.28598383185988,2.12976665999616,1.46699711245246,-0.894026395788333
"LBPSEMA4BRAIN715",12.045546447741,-10.4916069263063,-2.05995217263723,4.29576329493114,10.6737316207688,-3.42610868443092,-4.16913756079696,6.10915879384365
"LBPSEMA4BRAIN717",-9.83618893712527,-0.876867751148175,1.19793779252402,0.560596583890257,5.17902770540622,-1.92526695385627,-2.591987642955,-5.20397471143961
"LBPSEMA4BRAIN721",6.69080223945531,-4.51791765969599,1.4663351312024,-2.01028908679703,0.113514892293207,0.0936197334658303,6.75813036769474,-0.34466997655749
"LBPSEMA4BRAIN723",12.7256831980714,-3.57721348363434,0.724718253401424,1.74650783749359,1.86845431802719,2.54919096933052,3.87861400898388,-1.84451121726
"LBPSEMA4BRAIN730",27.955342262456,-0.0481335882845081,3.83805145984523,1.34021631890953,1.70760453715989,1.69922715170381,-4.08163904155861,-0.856892719052702
"LBPSEMA4BRAIN733",20.9098913291444,1.31028002452204,5.06951992535531,1.72506076603031,-0.0175574790607317,6.07462773353143,2.50082144457337,-2.19500826299018
"LBPSEMA4BRAIN736",6.89254585067597,-4.17709655710161,3.38590701492361,-0.190300666093971,-2.26923697006854,3.95728510705079,-0.358831979844904,-1.85085798275395
"LBPSEMA4BRAIN737",-15.9013373729141,-4.75480783541687,3.72559700607828,-0.725920601958185,0.499936536046321,-1.45492115776762,-1.16750622129062,2.65512264467426
"LBPSEMA4BRAIN739",14.4980655206699,11.7817723164149,-7.78938487854389,-1.54427169037196,0.76432699982239,-3.84178739254786,3.52886051727184,1.05609295295419
"LBPSEMA4BRAIN745",16.4215364387632,-5.5944383298494,3.12239666635986,2.20065251680504,2.0426052673302,6.88515594690716,-0.700103937095505,3.04387371787673
"LBPSEMA4BRAIN750",-16.0376781356765,-7.49099481853802,3.35173553367119,-1.34538812218629,-0.574071332824158,-1.81157718540032,1.64144591769296,1.22339879827702
"LBPSEMA4BRAIN751",-8.86423060342455,-7.83014870404917,4.02389289598455,2.36608708796948,0.973834517433647,0.615608534527102,1.89996367806015,-3.69851157166127
"LBPSEMA4BRAIN759",-2.93907873701639,-6.94126012948345,-0.888292104216535,-3.08970303109836,2.54077887776506,-0.263034242334443,1.62060102061478,-0.833938029495648
"LBPSEMA4BRAIN762",24.9118503870413,5.02303909198863,-4.62900368751553,-4.22015788360257,-1.42195778244918,0.53123598934156,-0.281002581755317,-2.44706464919832
"LBPSEMA4BRAIN770",-29.8573367588291,5.04923006804955,2.43132987372775,2.83359102834647,1.65370133791127,-1.03715279138352,1.09050623261352,3.26327691210966
"LBPSEMA4BRAIN771",8.89254801025514,0.407043984212927,-7.8122959631303,-1.60674011097359,-4.65335615141427,-1.50374221210027,-1.62129816751309,0.522223593710676
"LBPSEMA4BRAIN774",34.7023929671999,-0.882351284111762,6.23131334518615,-0.479200778221993,4.23222998359121,1.50677172676429,-3.16355973837581,0.324786470907719
"LBPSEMA4BRAIN776",-14.0486454697472,-5.29476985714174,2.79614440824912,-2.15961582816189,3.37517429845321,-3.36622630184497,0.658051793238999,1.37468864428252
"LBPSEMA4BRAIN778",1.28656683761248,-6.19277983145214,1.88419270361846,2.46528416653652,-5.18261154472775,1.62106353409747,-5.27284313993506,-0.691052920566205
"LBPSEMA4BRAIN779",57.2292441236999,16.0978113331093,6.93831316745086,-4.7171313231938,-1.19306395138423,-3.73779765407066,1.3421688051273,6.3842373393956
"LBPSEMA4BRAIN780",-20.7206944544345,-3.83686861217992,3.76691331580794,-2.96165209973158,2.46505359046435,-3.92515168910169,-1.29276964036669,-0.0517850733526295
"LBPSEMA4BRAIN785",-25.4666369829426,9.60724952305788,-0.406090619746095,4.00157640259505,-0.747115879546119,3.03792030679436,2.01193662545766,2.42941767511607
"LBPSEMA4BRAIN788",21.1518406434049,12.090777676631,5.77989162354044,-7.48629406672512,-0.0820261995387878,-2.35835678735223,0.342507390176131,2.37636410037663
"LBPSEMA4BRAIN796",-28.9585872589624,-3.16788367972275,5.17488281854529,-4.75637863000262,-1.51297927332019,-2.03263786608329,0.547726379123022,0.503310315194952
