"","PC1","PC2","PC3","PC4","PC5","PC6","PC7","PC8","PC9"
"LBPSEMA4BRAIN001",-8.03622665306148,-4.31576553009528,-0.655600622969134,3.04738582824107,-5.62105101288607,2.39210412355279,-0.415781056282886,2.67874760659536,-4.0587858615095
"LBPSEMA4BRAIN002",-5.32952901038119,-1.60754287530748,-1.03725422290718,4.5893173001837,-1.90986735876837,0.709926354513832,3.11498289378879,-2.22598265969561,0.174812023757131
"LBPSEMA4BRAIN005",11.9091582666758,-3.33135427477581,-0.766048299136568,2.201371864339,-1.66873657838097,-2.23633775059747,0.585771005523537,0.301744229635984,-5.17772924900226
"LBPSEMA4BRAIN006",20.0023561956625,-2.3282943153306,-1.84618592288505,-3.57965926179368,1.96037021961174,1.0520316462365,3.09871533794203,-0.61591175279085,1.99914770735404
"LBPSEMA4BRAIN008",-23.6976655510311,-0.476313721036691,-0.861645404553536,0.914396695268068,-1.36685770635773,1.15768369596809,1.30216534630873,1.27969893984743,1.38901362775849
"LBPSEMA4BRAIN010",-5.82893098865116,-2.41770648460046,-2.60244446519037,1.84507154566453,-2.75918144789894,-1.5533109743945,0.871048893794807,-1.461922345216,0.360772078543077
"LBPSEMA4BRAIN014",0.627516924242926,-3.67571154970016,0.365980480906828,-0.0013689285771439,-1.62540600008152,3.1118588899956,-0.554387799029664,-0.651306730620543,0.843047444805474
"LBPSEMA4BRAIN016",-19.7591127877833,1.22691007507024,1.25351551166304,-1.18439014976675,3.68421118614396,-4.49689481811886,2.00979349982011,1.75399120798871,-1.21574158893855
"LBPSEMA4BRAIN017",1.95606023300025,12.3857011486874,4.28003516803103,0.295623203080206,0.910601206706523,-3.95446429220305,2.02108726667981,-1.61238243689383,1.25378934942722
"LBPSEMA4BRAIN019",8.96589685601601,-4.14007329073394,-4.59183018636265,-7.22893644751034,-0.0230027006087764,-1.48821389168797,2.07040557094201,1.96318741726631,-0.955388660201063
"LBPSEMA4BRAIN020",-4.06464250669142,10.1613773339768,3.73355535545171,-1.62622240260412,-2.75500998671036,-0.611494020288724,0.335691391378534,-1.16355040509766,1.88608590920214
"LBPSEMA4BRAIN025",7.44086504520839,-2.81203599588813,-3.76386567666001,3.12289461995574,1.04826264794507,-2.4138366470108,1.82016031899373,2.6027379091963,-0.992826174711245
"LBPSEMA4BRAIN030",-15.965861561338,6.54248603151552,-6.11317458063639,2.23589429100527,1.67592391729191,-1.90621134242386,-1.44636679000889,-2.050413252388,1.29112389180486
"LBPSEMA4BRAIN032",-1.04968561110136,0.769926235056422,-2.65193023397663,5.00216540666667,1.37819737529988,-1.27389593861997,1.90856400425739,0.524055499902621,0.345586137001132
"LBPSEMA4BRAIN033",-14.3026808437987,-2.10885135198278,-1.44642381370133,-5.60349380905482,0.120261113416516,-1.33850575532937,1.32020363242858,3.71346387736115,-0.418232657607076
"LBPSEMA4BRAIN034",11.6026134708638,2.47383601051243,5.61093127661638,0.263075851662544,-3.09803949498727,-1.32339992925472,-0.594197597409725,1.26318341871903,2.89053064841052
"LBPSEMA4BRAIN035",-10.672329547781,-7.95518733586199,7.13970513972263,-0.449779714888338,1.57661904498811,-1.87241045520594,1.43307041506908,0.693771453388439,1.16491179501429
"LBPSEMA4BRAIN038",11.3547002756021,-2.87888282217752,-5.91930723782463,-3.59152233867811,-3.01320398993987,1.48898080660346,-2.23014814478885,-0.807818760083247,-0.473714414350633
"LBPSEMA4BRAIN039",-4.01502553352743,-6.24195222444572,6.59213633043958,-11.6400510240176,1.25232860634728,-5.75632031137948,3.28140527286104,-4.48485478136544,2.97803392560507
"LBPSEMA4BRAIN044",13.9173735961803,-2.48664227263795,2.51531052558045,1.3312552797814,2.2420329497173,2.53442887292413,2.35735919923208,-0.668632120894988,0.414560528973102
"LBPSEMA4BRAIN045",-0.62480137871277,-3.07759540434314,-2.9437510260741,-0.192491705745859,-4.2148163464041,1.06172198978891,0.165451187040524,1.61066076715924,0.0627871728617446
"LBPSEMA4BRAIN050",17.8090114097133,-1.52895983908515,-3.2968590304504,-0.927847715161877,-3.04172303724997,-2.03785043921848,0.790927299361164,-1.42986732445129,1.79632055598649
"LBPSEMA4BRAIN056",-6.77006748617868,-3.34783720253106,-1.17520860891411,-2.83591338448916,-3.28727555098052,0.506317193841221,-0.905071859466993,-0.558774610572077,-3.57248489590414
"LBPSEMA4BRAIN058",15.2790856336195,-2.41945472481167,0.55884186302679,1.70275281516207,4.10342146808744,-0.970905001111893,2.22652053068621,4.65933345966967,0.625597114333323
"LBPSEMA4BRAIN060",22.1554514991663,-0.942610073596576,-5.46991640449135,-3.75234304440515,0.377607106789162,-3.02729770538808,0.11049390880985,0.70662331971759,2.32942669846658
"LBPSEMA4BRAIN063",-7.43519417359478,-3.93772175161578,-0.0778690299146533,-2.04169807160322,-0.0381182838218899,0.390662622755522,0.876956467271081,1.72807685806867,0.668443714955774
"LBPSEMA4BRAIN064",1.23740896739856,9.12627745288918,4.57258441572834,5.26354857072421,-3.04590441888743,-1.40335800706848,0.765389305918722,-0.80233771347888,-3.02182248491231
"LBPSEMA4BRAIN065",-15.3587305283143,3.31390296198012,-4.95089181153212,-0.675545535546278,0.0996730127758,-1.06090653715088,-0.497307252797346,-3.6244554151537,-1.53563519438868
"LBPSEMA4BRAIN069",12.9727447283217,-2.89387443069792,-1.98293607294024,2.46356186681349,1.96753660753809,-2.63482384362549,0.957935789478821,-1.409104638846,-1.71008111934823
"LBPSEMA4BRAIN077",1.13987997779867,1.57705417682711,-6.63339518180294,8.85397752004731,3.447976156412,-3.85880381938494,-1.03697686336979,-4.04359358077473,-1.35313004150198
"LBPSEMA4BRAIN080",9.01858999461653,-3.89485026168947,-0.0892129335363095,-0.97450438675341,-1.65467353899925,-0.819123133051983,-1.29702670194339,-0.54789050415835,-3.94567683363916
"LBPSEMA4BRAIN084",-14.6157496059608,5.1576698611905,-3.928432126322,2.83089892856533,2.1161259084727,0.954009584776831,-0.548901604015757,-0.622134129566585,0.537289706961193
"LBPSEMA4BRAIN086",8.1785130665229,-0.0796807183310882,-0.72861352153628,2.64963834514138,-0.583975671612326,2.93685533672998,5.58289642925926,-1.68495956893854,1.39466433136914
"LBPSEMA4BRAIN088",-11.1187945050658,-8.36106253768128,2.42770266235485,-3.99490864762959,-3.62249394605886,-2.33496709880577,1.04702647648814,-2.73115503565596,1.68115355616669
"LBPSEMA4BRAIN089",5.58284542987252,-6.64085748932542,0.774584244533357,3.58290294161733,2.05488051251619,-1.68044738999102,0.865708701824861,2.32901070342557,-0.539976412821093
"LBPSEMA4BRAIN093",14.7328992674455,-1.15099328654854,-2.48646348643932,-6.32115424504403,-1.69032278859696,0.704986986536093,0.12644308711924,-2.84239330697714,-0.156638912873721
"LBPSEMA4BRAIN099",-28.9541243853051,2.26875844080699,2.68000341857557,-1.20372995504923,0.287183156363823,1.29415388700114,-0.824168418696219,3.16801682772254,-0.180042030021577
"LBPSEMA4BRAIN100",3.34270087817694,-5.18057205939102,-0.172307956440783,-0.424886116513096,-2.95890261062259,-2.63464731688078,-1.79274878399623,0.0485120156352428,2.99668290140229
"LBPSEMA4BRAIN103",5.83519967433347,4.90238740068373,-6.91989962334555,0.191995235369908,0.766871119564248,3.24864054667491,-2.87630470829908,-1.41679069428184,1.0575638837204
"LBPSEMA4BRAIN110",7.4598644666683,1.66946032274123,-5.82502962747691,0.138555311265351,-1.00797774991756,2.56383179149014,-3.35031427459447,-1.90651197415017,2.06675797243199
"LBPSEMA4BRAIN113",-22.4805904029028,-1.91702453398296,-1.1694194701639,1.14445827905759,-2.65034202378757,-0.309773598463966,1.02259323224589,-1.06826134976861,1.05936952880712
"LBPSEMA4BRAIN115",0.737271636819587,11.5386921386689,-7.5636838883432,0.969814080556917,8.47699266212818,-2.76901394975309,1.35650998655291,2.72159605827394,-2.25812688532122
"LBPSEMA4BRAIN120",12.9972682135393,6.73753871276502,10.3204934887729,3.29269715268526,-1.90062474191371,-0.00558122884918457,-1.38134406929241,0.247859566383102,1.79724170556112
"LBPSEMA4BRAIN121",7.21690232332787,-2.37878966509831,-5.71324549641495,-2.98738708407962,-2.50517847900131,-0.459900570359088,-0.54712163677584,-1.60806644940723,-0.372428972580763
"LBPSEMA4BRAIN122",2.98392876757991,-0.372650811237265,-4.75008451176806,-2.2012879072695,-3.09428620472312,-1.86147937157167,0.496031317042526,-1.50433595776152,-4.84153729794027
"LBPSEMA4BRAIN124",-6.59679195063631,-4.80557865616342,0.845739553854675,8.02322971031322,-4.63248519667086,1.08899498438882,-2.80713657779763,0.08969787166357,-2.64708960098189
"LBPSEMA4BRAIN125",6.6411072430919,-4.1132581584454,0.273050521780094,-0.00114182921590421,0.662179718960336,0.360178637363272,-1.68122469023768,-1.18399179789286,-0.644763920211223
"LBPSEMA4BRAIN126",7.70285598249981,-1.30321287090629,-3.99710460937267,-5.70095438253278,-0.334848058704678,3.1495074068276,-2.65763026069097,1.56025950768669,0.920322578205649
"LBPSEMA4BRAIN128",14.1214635737252,-2.69269554462665,-4.61046056317714,0.216121236937536,-2.25949696526131,1.69750091087099,-0.556412851263965,0.331149233676395,-0.900340840580152
"LBPSEMA4BRAIN129",-1.76318028455066,3.20832153886566,-1.81354766482585,3.62351111439408,6.19623123932316,-1.85552621743614,-0.733952212019145,-0.325941499413613,-1.17232730641424
"LBPSEMA4BRAIN131",-2.48360660352358,-3.41506199381765,-1.06345238503938,-4.43591069134056,-2.47854484576175,0.284462241936824,-2.89292929205144,2.5799464740883,1.26390764399594
"LBPSEMA4BRAIN135",3.44325825571719,5.25306343186509,6.03025496397503,1.68742345148758,-6.19837586787424,0.687097174870217,0.0683851662744886,0.35734480074223,-2.35706205175392
"LBPSEMA4BRAIN137",-4.47638559792734,-4.1967064844031,-3.29149271247761,-0.580518209132417,-3.27171180179996,-0.396582342670052,0.150024188882021,-0.71946670344891,0.390117006264176
"LBPSEMA4BRAIN143",-1.32511404727086,2.70431472264775,-3.88220651006806,-0.255477959269546,1.35307923054003,-3.07614390908704,1.03808600671943,-1.8576994302355,-4.65619626630438
"LBPSEMA4BRAIN145",-2.60540453348634,-2.30146073075705,1.60223136187041,3.26845356099475,3.51705674508129,-0.170737089906357,-0.948972713899603,4.31884078222629,-2.46859382939035
"LBPSEMA4BRAIN146",11.7823032918378,-5.08348866850522,3.111678157888,0.322905571864475,0.414757660892679,-5.25206209265353,3.36124748758317,-0.589435466503375,2.46726104949404
"LBPSEMA4BRAIN149",2.36257860232602,-1.66623293503491,7.89725277076021,5.34341927198886,6.3820085882834,5.06164453341728,3.2713650878839,-4.01244422461344,-1.47569073536569
"LBPSEMA4BRAIN158",5.95891007878261,1.66344396434476,-2.13824790373298,-8.62385293972669,3.00098277980225,2.42236822978871,-3.82257581858222,4.87674306112804,-0.886919713273691
"LBPSEMA4BRAIN161",-5.94747431160477,-3.88865636000215,1.24273533419897,6.1974124275306,0.291121758737932,-2.1296974830439,-1.23984005769892,-1.73123768680193,0.0956356265963885
"LBPSEMA4BRAIN164",3.20042996231383,-0.241585193573023,0.229137347952555,2.50437873675306,5.57348657387633,-0.58532971825163,2.68247368143581,-1.33900663574761,-1.68617249123954
"LBPSEMA4BRAIN166",-1.9824666858117,2.36932236283158,-5.69768924189364,4.03764701935394,-0.477477995003563,0.000494816002414359,-0.924667713127027,0.812715090718145,-1.05493969657532
"LBPSEMA4BRAIN167",-9.46315134133404,-1.85246655668161,-1.92985541515801,3.49985489214444,-2.35807045102933,-0.185715749442102,-2.32722678331242,-0.31320926552022,1.37398591996631
"LBPSEMA4BRAIN168",-1.33623644419901,-3.66414585948129,-0.22433942513454,0.80822777300464,0.379520049334368,-0.971107176688223,2.68250711558256,6.69991056880704,-0.493003545634839
"LBPSEMA4BRAIN170",-7.07195015791784,7.28643506311774,10.2656436696619,-1.97288055119598,6.05878427244383,1.42021515129468,-4.40514272767119,-0.394483216207797,-4.74419771329595
"LBPSEMA4BRAIN172",-1.4982803865813,-5.53083219230712,5.76408929723003,6.69511753621655,1.68218883225118,-1.66580647138156,0.56693979671707,2.1716877798872,1.38817496832548
"LBPSEMA4BRAIN173",-16.4639875247145,4.11062694012905,-5.60017274196644,0.0904896985254198,3.29690114258351,-1.97044105328499,-0.940452405655425,0.0863732724271663,2.84652812350819
"LBPSEMA4BRAIN175",-5.11870912286005,-6.9321472795868,1.86296865477685,5.2786285768149,-0.0763420689237635,-0.024373520681859,-1.25526766050414,0.496592553423035,0.510644979423404
"LBPSEMA4BRAIN186",-2.16024906266011,-3.17377029694639,-3.71228838715531,3.19005040026226,-2.56599400420189,1.57267091242686,-0.810277708178075,0.3134970493403,0.834731009262323
"LBPSEMA4BRAIN187",25.885198650337,5.54740979045006,0.359583403799369,-4.18270499303324,-4.86228246847103,-2.86034338305421,3.05390129094518,-0.14663382169182,-3.47995384340194
"LBPSEMA4BRAIN192",21.910930485204,1.29774661423633,3.1937430125137,4.80274662633098,1.26650202177164,1.9729251339586,1.94445812914764,-1.78203042225833,0.251341954298688
"LBPSEMA4BRAIN194",-15.2908449798371,5.17568074893134,-5.69246782832979,1.07038295677563,1.29978520265113,-1.52830746475447,-0.296212062962565,-0.384702289871733,0.442639201625366
"LBPSEMA4BRAIN195",14.7687539902968,7.56539503384097,4.99058172400844,6.22807727446188,-3.44187557173681,-0.179544402197573,1.04437593236826,-1.91613799201,-3.39580501238006
"LBPSEMA4BRAIN198",17.5902976164083,-2.14905327771454,-3.26076043755045,3.75872034301702,1.40903582126181,-0.901606765441414,-0.00912180086973629,0.120514506615225,-0.773567630042506
"LBPSEMA4BRAIN199",-23.4184914986166,4.96697213354901,-0.307064245767349,0.572387363129948,2.06726504952142,2.74492918812105,1.86062600488821,-2.39768809753695,2.34434272225435
"LBPSEMA4BRAIN200",0.068620551382108,5.10866061398848,-4.51335197616011,-2.2540432407163,1.02383893438573,2.8018813346142,0.964738236648182,-2.64798594052521,0.07862130928869
"LBPSEMA4BRAIN201",-24.5805382840886,-8.58539462249025,6.95534707081116,-2.0332687741254,0.956794899032459,-0.0203869801305439,1.22674481975606,-4.63359033006989,1.32957091964314
"LBPSEMA4BRAIN202",19.3577723013421,-2.41594812418224,0.905481858670985,6.23443125870022,2.30542729618328,4.30470065056578,5.37112739515043,-1.32041959111553,1.27642793512112
"LBPSEMA4BRAIN204",-27.2166942638195,-1.59401480188461,-0.550503569378456,0.0424117004719728,0.127956025816034,0.50672317564278,0.826870195978171,1.34421821247765,0.281899836427638
"LBPSEMA4BRAIN205",-12.2720952636458,-2.63536078785206,-1.15654125665309,-5.39324189030167,-1.25983234311225,1.08773837029885,-1.36778329751985,2.068619382678,0.931164950220896
"LBPSEMA4BRAIN206",6.53217501679002,-2.13799617702539,1.31598528850981,-4.6108400187206,1.64635351008069,5.39215485432236,3.88808697270835,-0.273702238283202,-0.503225332002434
"LBPSEMA4BRAIN208",-7.18661215521537,-3.70140160839456,-1.4236082199176,-0.277615593409333,-1.73443328536075,-0.137695853977777,-1.60177186896445,0.337850160190836,1.63502441680977
"LBPSEMA4BRAIN210",-2.94826702765671,-6.08969643082806,2.60969638911647,7.04516019537405,0.776519453966052,-2.05626179643359,-0.769911975037869,-2.16900441990317,-0.208691884588994
"LBPSEMA4BRAIN213",-12.3681075172593,5.98691307805675,-4.89048759293452,0.547911221622201,3.32043486990671,1.24717246616742,1.79705728733119,1.73115883139363,1.16094338320561
"LBPSEMA4BRAIN214",-1.71262858059984,-0.68543282121143,-4.40464849935762,3.43061501238897,-5.58995076546408,1.41722952525428,-2.77880845067767,0.168505967868949,2.05399775717605
"LBPSEMA4BRAIN217",-1.67151590411884,9.36550968841584,-3.189292702963,1.05292307397304,6.60409563965335,3.17859506495224,1.15236752435929,-1.23709669614121,-2.21296652754028
"LBPSEMA4BRAIN221",9.57072232473203,4.7209216321312,5.08718566626813,-5.67343060702244,-3.01296665362826,-0.228717560322709,0.29432115028753,-0.252209029886229,-2.75509823797888
"LBPSEMA4BRAIN222",1.87714465152062,-5.25202680582799,2.62996709884948,4.05214673132523,2.97613106999798,-0.454739544282868,-5.45737696623978,-1.33940322339519,0.414243108087159
"LBPSEMA4BRAIN223",-8.61154214840878,-4.61404929333418,1.84231256529423,-3.59083021696419,-0.748403699220681,0.834932986018249,2.27730962408079,-0.30835998443409,0.372187866124683
"LBPSEMA4BRAIN225",-12.9823000714993,-2.20943859425832,-1.42386139958235,-2.64758148107122,-2.20522462348881,0.719474249764631,-1.81493274138578,-0.764158732138187,0.408248089014043
"LBPSEMA4BRAIN226",17.4225126487705,-4.03752511188173,-2.54494454604825,-2.93158185354022,-1.08400147857951,-1.22029751183776,-0.434934230139815,-0.542684340306029,-0.737546223047544
"LBPSEMA4BRAIN228",2.14048248813702,-6.45009007901114,5.19725320747271,2.15584623540851,3.36980457151783,-2.95002131375006,0.402553250070551,-1.13787024574899,0.298178234850395
"LBPSEMA4BRAIN230",9.98858946882891,-3.73628833336904,-1.71192319710385,-0.620864695512585,-1.17109573184395,-3.62500160579014,-2.04802411229362,-3.25818000035683,0.316522668740174
"LBPSEMA4BRAIN231",-8.07150385090951,0.0328790987047737,-2.68052549690594,-0.834497642579926,-0.839459891580506,1.34382200403601,-1.98216894986838,-0.0161395088170059,-0.822578623828542
"LBPSEMA4BRAIN239",-3.22064707537874,8.41492197562327,3.20534612956952,-0.846934745153245,-4.52787338694962,1.05106989344539,2.66111766967676,0.901228516468768,-2.64014385834279
"LBPSEMA4BRAIN243",16.5110561308377,-2.44133798286101,-2.60466374149057,-2.71818752731345,1.50371912660752,1.43337624228809,3.25149052094184,-1.2970554709166,0.907684657572744
"LBPSEMA4BRAIN247",-19.3287232969607,-1.61523708995541,-0.16864633673782,-0.241068814103038,-1.06109479078772,-0.856691011796615,1.86495240239064,1.11013686724666,1.47436222020825
"LBPSEMA4BRAIN248",7.6555479643834,-4.77848430575362,-0.613723264087584,-3.33314744644375,1.25706688815318,-2.70227349446744,1.13607734695827,-1.27485995534093,-0.383545759028413
"LBPSEMA4BRAIN254",10.856310375309,2.49617153347724,6.81193009175637,-1.14088861590285,-3.72226988842063,-3.87479510733175,1.99853478923419,-1.02041930113511,-1.77249148873276
"LBPSEMA4BRAIN259",-30.0100585878897,1.66727377869759,2.84565617408423,-1.18580265076671,0.409913349571477,0.739296307764923,-0.0463043056223888,1.80116998871263,0.00406255839089885
"LBPSEMA4BRAIN266",6.76160861262629,-4.88555583762077,-0.172369576795375,-1.5220504655321,0.877160414251545,1.2417891545389,0.130585144723245,1.76413807645956,1.3448599877915
"LBPSEMA4BRAIN268",4.27129358170362,-2.97449696775809,-4.40914879626939,0.985694684414354,-1.9090597842623,-3.44226477611639,2.79762642149908,3.05423183070849,-0.159796043079105
"LBPSEMA4BRAIN269",-1.73499198917979,-6.42979986153929,2.26012430810446,-3.5420314146326,3.43894712463488,1.85185051275404,0.336417398306702,-2.83894642676788,-1.06940517440706
"LBPSEMA4BRAIN271",-18.0248713662375,1.54639212776441,-2.28983559423431,-1.15503187972459,0.829430598745858,2.51610294039911,-2.29900274654957,0.946673599397337,-0.38178375040528
"LBPSEMA4BRAIN274",31.6829858454307,4.03776566804902,-2.26170250180762,-4.65096217971854,7.49477355042185,-2.20644568593888,-2.08782879054879,-0.0200281959747502,-0.0340729797010937
"LBPSEMA4BRAIN277",4.72410141297565,-2.68555484576501,2.04578850625476,2.50243338712166,5.07333501007353,0.200060233711945,-1.37070023129886,4.06325109685539,-1.44451502267709
"LBPSEMA4BRAIN278",-3.78519435895094,-7.26421621486105,3.35656593677423,1.2559648978937,0.292717880258817,0.435406476698276,0.0407697956034976,-0.426046987301484,1.22345251476471
"LBPSEMA4BRAIN279",-21.9301625556669,3.96201223009264,-4.52300878720525,3.89609428732267,-4.63898941995202,-0.29317812321646,0.532785825010946,0.508542489295254,-2.1329446099161
"LBPSEMA4BRAIN282",-24.7322103357721,1.59266377845942,-1.53379089607044,0.528576306919271,-1.10111003331929,-0.639691009059807,1.15322238030027,0.845306468963415,0.967953663299694
"LBPSEMA4BRAIN284",8.22716460600378,-3.48970821797895,-5.35009160182061,-3.83179898515482,-5.15386906615456,-1.58196213061764,2.62452344062127,-0.209714589868807,-4.17817810704528
"LBPSEMA4BRAIN288",10.2321136371925,6.21999267631499,13.0256586580203,1.90938913795906,-0.974445498303995,-0.035975212449767,-2.59718513547861,-1.14724908292281,1.13009623386043
"LBPSEMA4BRAIN289",8.86332320646626,-4.10393143920212,-3.21082695310501,-3.84027112067015,-1.1854295057312,-1.51175030405738,-0.637139801912274,-0.825150165691415,0.267932305206164
"LBPSEMA4BRAIN290",-1.22329546332048,-4.44816296369144,10.631313388875,9.19576201847468,4.97942915688935,4.92935836415839,2.99009635559662,-1.65900498912485,0.408377324504052
"LBPSEMA4BRAIN299",14.4818553447772,-2.69713673628073,-0.635604586414811,-1.30886963828845,0.415426890918462,0.689812279190876,1.36470313710813,2.55799100937943,1.7261705579239
"LBPSEMA4BRAIN302",-22.1407018278473,1.89350897262376,-0.547609107336788,-5.2157391346384,1.85066103924401,-2.25263489319504,1.28639927655233,0.684346874507879,-0.80186782683048
"LBPSEMA4BRAIN312",-11.929773554084,2.68213948331142,-3.00344605335146,2.56599956959482,-1.45593576851635,4.1609761815817,1.82171852561634,-1.82951771779262,1.15179470784449
"LBPSEMA4BRAIN313",2.28099089595562,-1.92825213361859,-3.69925284240109,-4.11930174349466,-0.314355071377645,1.67460017504794,-2.7551440182917,-1.13191889392901,1.27987043551065
"LBPSEMA4BRAIN314",-10.3763528259976,-5.02969027060653,5.34917249790358,0.0836690935522181,1.7530108620241,-1.55457279885834,-0.577056330898052,2.09507619230543,1.32759578992636
"LBPSEMA4BRAIN315",6.1234437577184,-6.11018336042434,6.22103495317116,3.95346655571366,1.91711767549509,-5.62616889126289,1.31656782411825,0.928097000973904,1.92027308142849
"LBPSEMA4BRAIN318",-34.1974036004299,-3.33464930949105,8.01331471907453,-3.30058692581212,2.45316982661387,0.5029030839015,-0.0737268961331133,1.41762374586521,-1.09424179994472
"LBPSEMA4BRAIN323",0.327848908565847,-3.08297628291552,-0.00813264483843202,-2.38453856465962,0.724280599843332,-2.09974893726687,3.75718910009414,-1.51217751418188,1.27130578522269
"LBPSEMA4BRAIN325",-8.85082368310624,18.1249918202429,3.25841484910211,1.02190054482704,-1.40855778936965,-2.54512092498225,1.04284161538822,0.353048917878409,2.06544776321293
"LBPSEMA4BRAIN331",16.4294969232383,-4.74022343234654,-4.60028776277038,1.36230325608665,-2.71255845834705,-2.88949167661123,2.59355847604078,-0.981895876879358,1.91500694250841
"LBPSEMA4BRAIN333",11.6776428128762,-1.10291173549058,-2.8677829559233,-0.267545629915652,1.39682522076409,-0.214961206546477,-0.671230334976405,2.0423869053815,0.850304099345456
"LBPSEMA4BRAIN336",21.9136811459226,5.76301939700212,7.7027813860054,-4.33590844072644,-0.470567278282677,-2.21105440656201,-2.58344187990663,0.458997299929215,1.24481292371283
"LBPSEMA4BRAIN341",-13.7023406737308,14.9857785244279,4.88613520680049,-0.499588560729683,-0.0968046340348594,0.303627980640299,-0.616657772008139,0.00426757215768982,2.05590366870282
"LBPSEMA4BRAIN350",-7.621496658148,7.91016338471926,-6.93306111560166,-1.47434623106991,5.82574961175742,-0.853154265226029,4.04817143542768,-0.374011644611357,0.781232563577009
"LBPSEMA4BRAIN352",13.9496060297335,-2.80992565762722,-0.132082115283252,-4.41500825248356,0.754710986379346,0.304317024525688,-0.94395791447142,-1.4287445209906,0.151713083488665
"LBPSEMA4BRAIN353",-12.2314339473089,6.86116416853752,-8.42374447685406,4.05078348217426,-0.687316031267294,-2.17223675943292,-2.05927467718209,-1.47194572279562,1.53938431943049
"LBPSEMA4BRAIN360",-26.4446440098864,0.133699622681359,-0.823161505784693,-4.23980568426797,2.5665653319632,1.17490932845421,-1.24027937727835,-1.34069866400161,-1.40429833953043
"LBPSEMA4BRAIN362",18.3929868290837,-2.09654463359693,-3.56517696160459,-1.16387426690293,0.73513268540538,1.39159543370623,-2.58377647791703,1.09924064874006,0.830386312031394
"LBPSEMA4BRAIN365",10.5061025622636,-3.31042339535849,-1.19140883135196,-3.65531540591772,0.868494011730582,3.08035728556711,0.914953659394136,-0.719517395762181,-0.680386915215791
"LBPSEMA4BRAIN366",-7.87736452151991,3.84628957142278,-5.59325887470156,1.77900910062012,-3.82429409484231,1.13266355293976,-2.18768502419721,1.22360149205618,1.0015701685646
"LBPSEMA4BRAIN367",-0.0775136159584694,1.36635032456474,-4.86412742681067,2.57123122957121,-0.492028345649407,-0.524489171020198,-1.31164336102791,-2.02395674039935,0.749333253485021
"LBPSEMA4BRAIN371",11.0753759051207,-4.19235415961632,-4.21472565027546,-1.51954237384539,-2.91729856085438,0.324975194411457,2.4684049853605,2.0271215013247,-0.389856396264141
"LBPSEMA4BRAIN375",-7.67869789283154,-1.84623479678001,-0.575545697366483,0.522013128590576,-1.68407877766331,3.16968630630194,2.34345458715502,1.17639525645743,0.401892316062445
"LBPSEMA4BRAIN376",13.31794565809,5.52299122072479,7.45139323304493,4.3983063790165,-3.04416452996994,0.339201740539253,0.888765198365663,0.80881483555638,-2.61715368524592
"LBPSEMA4BRAIN380",5.17443703751464,6.39706347406886,10.6403053142562,-3.08703497777776,-3.99171677557514,0.926454208645571,-1.53920365240858,0.940572368972903,1.96271157959983
"LBPSEMA4BRAIN381",-9.62071668385107,-7.20186520273678,0.71558643661538,-1.4642824117491,-0.112656549626476,-1.05081537156092,1.43658731665166,1.7705771066045,0.835713965538345
"LBPSEMA4BRAIN382",-13.7585151787457,3.91839354788288,-3.88076217624461,3.87337085774268,2.19390623428493,-2.56687493516702,0.704846210398256,-1.20629571292206,-1.12114679350714
"LBPSEMA4BRAIN384",-0.0275737989438804,-4.57030891721419,-0.423840050698515,-0.196773796062596,-3.85056556629018,2.00851320572762,0.680561071156344,3.80425984342358,0.187541080698601
"LBPSEMA4BRAIN385",-27.0681508030333,0.858345632384053,0.735379604164924,-2.0710569382981,-0.70896779701626,-0.578203583392879,-2.73062648697434,-2.95015237611102,1.24997771164813
"LBPSEMA4BRAIN388",11.6746965973487,-3.10790626089022,1.83422332092618,7.06246281117565,-0.333341584206101,-1.91697004509703,-2.8213464645051,-2.30122114219108,1.50207871813136
"LBPSEMA4BRAIN391",-3.75564691915895,-4.15841850715437,-0.490862484448215,-6.96961765736334,2.07211466688927,0.0769102993749621,0.645367235505813,1.33826850590055,-1.04046466944834
"LBPSEMA4BRAIN403",-11.5673990033367,2.72625703507226,1.33658115988003,-4.37508809617162,5.92011193070024,7.03283679080916,-0.128863837611891,-0.0894322098846275,0.0978571513956625
"LBPSEMA4BRAIN404",-26.4758226849906,0.719521235596249,-1.84774741519705,-2.04789547738845,1.15994336419916,-0.610869092864333,0.513882012719969,0.41668026301769,0.634423851349381
"LBPSEMA4BRAIN405",1.0850531160713,-1.2482405753704,6.14291821546581,4.88199273095866,5.53443972874871,2.1496468887107,-3.35348096956148,0.193309193920768,0.95685870047585
"LBPSEMA4BRAIN408",5.43950216048543,-0.488897027376306,-7.54299048434966,-0.94548867884099,-0.465688245879767,-4.26246516949029,2.89505949224214,-0.65085345585784,0.402074984362926
"LBPSEMA4BRAIN410",-6.77090146881182,8.01993877183939,-4.52831649617368,3.45983279435273,4.77149474846511,-2.19412034732254,-0.33275016962064,-1.88067441614533,0.386917627072199
"LBPSEMA4BRAIN414",14.1956947270806,-3.01353287164645,0.274481579465333,0.560111589072544,0.579499681106887,3.37640486540043,-0.228548882140796,-2.82403396577565,1.08790899249247
"LBPSEMA4BRAIN415",10.1517186901754,-3.56725746640633,5.76514982195776,-4.01252805559342,3.20142051095337,-3.04882361389423,-1.90665778866777,2.78878348394077,1.08442447549328
"LBPSEMA4BRAIN419",11.8426401644389,-2.79237165637985,-2.55039145956175,-1.82573205589825,0.881021995666345,-0.944660292580299,-2.35095971823525,-0.169215523626541,-1.27813809714164
"LBPSEMA4BRAIN424",-14.0649374353396,-3.38792122025117,1.11478322277021,-3.26593141702663,-1.88101743212345,2.43037866943527,-2.93838853454664,-0.416846873064704,-0.606242575893197
"LBPSEMA4BRAIN428",-9.01202702441104,8.42915982331103,-8.57144600319899,-1.80162402106484,3.04076247734694,-0.642207506837834,-1.05192400725592,-0.0810282376181679,-0.747617886991634
"LBPSEMA4BRAIN430",19.7034275382441,5.48722875492538,2.61398502208907,-2.06923440362955,2.194767620627,2.0214921021151,-1.33528679785225,1.35721484473459,3.91223295564498
"LBPSEMA4BRAIN434",21.7596436444494,-1.31129583806537,-5.8614814898058,-4.61136438803526,-0.526112237770272,-0.994767578032459,-0.949788861720377,1.77752537119016,2.58445985455554
"LBPSEMA4BRAIN435",-1.83437263135889,-0.498747508164263,2.0677932666271,4.53676955852336,-0.578557185927316,-2.60062296816285,-1.84039039241834,-2.12423992851786,1.52310828215589
"LBPSEMA4BRAIN436",17.9309105926644,4.63520819560166,-5.20140632709074,-0.654587229689779,5.60166501809748,1.33815098811632,-4.11764582436468,1.86558678520933,-1.40969292453068
"LBPSEMA4BRAIN440",-26.2140918232388,-2.47488739688891,1.7071415933435,-2.74738777075592,0.659695924635304,-0.0697379022068345,0.311009942355251,1.24097563451145,0.418632076040085
"LBPSEMA4BRAIN442",-15.9564053994809,2.83415112347117,-3.14551295477804,4.6559364955831,0.833644051596775,-1.7636309098442,0.151131015706779,-2.26690589251104,-1.02608976732935
"LBPSEMA4BRAIN443",-25.5147463578895,-0.40411577277943,-1.55884375005754,0.375893032351963,-0.157941838732008,-1.07611905079699,3.16910811576453,0.068490292044414,-0.997751921911507
"LBPSEMA4BRAIN444",3.18988358691991,0.910209250524202,-0.282321657747252,2.96170415804451,-1.66147239667976,2.8709809222447,-0.640604921154048,3.7770600583898,0.50608287335301
"LBPSEMA4BRAIN446",-10.4401028563751,0.37775784665052,-3.54647887938944,1.44933871710387,-2.24263072996558,-2.11154589004326,-1.13420236439462,0.0231959458205173,2.8121985588369
"LBPSEMA4BRAIN447",17.4164951286974,-1.09549372871675,-1.43998526499584,4.73525896989099,0.576622406632615,3.36827051274698,0.277236343253375,1.58228337688888,1.69850896775041
"LBPSEMA4BRAIN453",0.0551666949294776,-5.95909780880324,0.160365732774717,-5.50617230010731,0.158686348921484,-1.35555089899771,0.447909347894656,-1.78375755406677,-0.936709515583327
"LBPSEMA4BRAIN460",25.979871040153,7.83185129193738,3.24309277603448,-4.69275030828283,-2.80867120928534,-2.24860379131531,-1.30298470263461,2.19734084709186,1.15458008046108
"LBPSEMA4BRAIN461",9.08291201378222,-1.23349742457981,-0.225752506650628,-2.09191019906948,-0.35383868035051,-1.87118194449036,2.14610524080737,-2.13271953385029,-4.34791889252343
"LBPSEMA4BRAIN465",11.4868699599992,-1.11537956371644,0.872627496747552,3.22159291230551,1.52410884137279,6.43487259945789,7.14499283357057,-0.604769688577071,0.103416638462281
"LBPSEMA4BRAIN466",11.7233494894542,-4.04612014412548,-1.00315646494234,0.711332856023425,-0.184751191021618,-3.47125255113635,-2.25690603174554,-1.85970156502937,0.0974680196924618
"LBPSEMA4BRAIN468",11.7076161491249,4.73795488647396,13.3003187460462,1.86903902880082,0.934427473932068,-1.52493839391125,-3.00407602309448,-1.88461277867944,-0.486828572750374
"LBPSEMA4BRAIN482",-0.188787251112556,-4.52188788151709,-1.25584910836902,-3.07551744282418,-2.21629660864739,1.15481557292923,-1.40141531944693,-0.332747410369164,-0.330218612256009
"LBPSEMA4BRAIN487",-6.34495723415956,-1.70913990449872,-3.45712855951553,-2.17799593128008,-0.146391345603215,-2.68123213366782,1.92775634542072,-0.521519384975859,0.691513899470382
"LBPSEMA4BRAIN491",-23.1082802510152,1.49910909341744,-1.21250929547273,-4.11323083528008,0.866818006111392,0.374536107941041,-2.31066979143759,-2.03452792018778,-0.217812047538101
"LBPSEMA4BRAIN495",13.0034961316131,-1.17015176850422,-3.90896036490246,6.05167516689596,-4.96001751469727,1.58179331662152,0.283993197227958,2.80208286561184,-5.53133778405647
"LBPSEMA4BRAIN497",22.1248206052179,0.766698091558029,2.69432411548032,-7.75606414311439,6.93344652497552,3.1164000498484,0.572533377351826,-0.564353249342852,-1.58899648095051
"LBPSEMA4BRAIN498",-0.422699630020918,0.0982271271184831,3.11189954818859,-1.64250682455641,6.03428310712563,6.81903188543016,2.99462050704772,0.101631922041384,-1.78709000058882
"LBPSEMA4BRAIN499",17.459017870667,-3.0346522999305,-3.71042320638578,-1.00891857335717,-0.48562679077005,-2.88139464112236,-1.1342514275694,-1.07487452867077,0.848308056102058
"LBPSEMA4BRAIN500",-3.76589754732531,-5.72368848089307,3.13100456005384,6.98527577522451,-1.37089003712943,-1.72064526448895,-0.128381859131542,-0.603264498598057,-3.30671540551606
"LBPSEMA4BRAIN502",-1.56370592386789,-0.686532972221582,-1.87026150335971,-1.84423745884566,0.523968263488628,1.88455721601789,4.83416377725769,0.112568282622066,0.0063794450081674
"LBPSEMA4BRAIN506",-3.11608111073469,-0.387261278847033,-3.17094819166112,-6.06976509796221,-0.450808606653592,1.41704153470348,-2.31488906912311,-2.59972932498699,0.650184331007125
"LBPSEMA4BRAIN510",-5.08572770929899,8.86840916761072,7.73669387967129,-0.534495494689525,-4.61479720076781,-4.30194980657282,0.687993087056449,-1.86809055540896,-0.761564376071021
"LBPSEMA4BRAIN511",-2.86686500574614,1.63303369283206,-0.654944225292744,-6.74921807460065,-0.541069454461903,-0.00144658654911485,-0.629613085678794,-0.13214490560866,0.893250588341988
"LBPSEMA4BRAIN512",17.1054506626243,6.00201284578812,3.00811796606836,-9.70892383133222,-1.7682632677829,-1.54155081700444,-0.358656502702317,0.289220387283696,0.815114614813644
"LBPSEMA4BRAIN513",-0.0892527714894661,-6.41617279751298,1.95104545094692,4.04427958304641,-0.734636475628323,-0.940405172046025,-0.612303919229,-0.734338744617798,-0.420956838583307
"LBPSEMA4BRAIN516",17.4160108955069,4.71948467390284,2.44288919167494,-0.589855310551226,-2.74620862937767,-1.03286578115146,0.281604606413273,0.38240206873209,2.34161274205888
"LBPSEMA4BRAIN523",6.56846933856424,-2.66706104713151,1.03425157738801,6.29984654340287,2.86696976940192,-0.51454733719207,-4.97332530550895,0.168808998259094,0.235216123517393
"LBPSEMA4BRAIN524",-24.7908647913298,0.705879407015913,0.599693221840096,-5.522465666208,2.55032023086477,-1.1925395522335,1.16792142855567,1.30772449327697,-0.592881803710659
"LBPSEMA4BRAIN527",1.49909536269337,-3.39664465494182,2.09127548629573,6.15296860224877,0.0460964019558676,0.857383529236516,-4.01683745719638,-1.22975449847565,-1.5888222968018
"LBPSEMA4BRAIN531",-4.19138877236834,1.60996544961543,-3.72057636691612,0.121405632963113,1.85160777240442,0.841406111136702,-0.0236107908054083,1.39068125897234,0.155820108183425
"LBPSEMA4BRAIN532",-0.428560982485297,3.55748284294005,7.40880956233096,-0.570846166499781,-5.4058466427287,3.3884486079142,1.21374746434082,1.27753725953769,-2.9995502069905
"LBPSEMA4BRAIN542",-15.3047903792072,4.39428288996972,-4.56383962910992,3.71758719907576,-0.795977835769224,2.21543465864364,1.70062092064842,-1.96896839988618,1.46262500148815
"LBPSEMA4BRAIN543",4.90309987959572,-5.17502387644357,2.11622950202778,10.225803361402,2.44626078229851,-0.268035620795334,-5.28010883881057,1.21561345958378,-0.755585013844274
"LBPSEMA4BRAIN550",-8.32845916226383,15.2182253402155,-1.00838999006225,3.95518738811951,-1.3086927106317,-0.566376238471721,1.56067944689986,1.91053380768041,3.39841393316654
"LBPSEMA4BRAIN553",-8.4390942339216,-0.529462320011888,-3.59602829713941,-0.351586551201139,-3.94357083108666,-0.65225294406096,0.814352483435407,-1.64440733781245,-4.903296198047
"LBPSEMA4BRAIN562",-7.46365522034302,-5.35658497400223,1.71931046675198,2.47429695835221,3.08051832162106,-3.38408113253801,1.07223126835379,-1.80607772613717,0.0668849741045882
"LBPSEMA4BRAIN564",4.24536398277351,4.91529273517542,15.0895023693635,-10.4913895287352,1.98097361180303,-4.4407339915311,-0.952140282166592,1.77364914869855,-3.07642576617483
"LBPSEMA4BRAIN565",-17.5534039467161,1.67534247745498,-0.307657521403806,-4.61774059700958,3.13565279828501,2.93686558033048,-1.08505949653739,2.19402254208518,-2.32492708544216
"LBPSEMA4BRAIN571",5.3745164626461,-2.62764048127288,-2.95652287000131,4.80042539528986,-1.8890468796613,-0.992355730862477,-1.89437764980141,-2.47522471575236,0.861118232194239
"LBPSEMA4BRAIN575",5.47074678136738,-3.83052320680694,-0.597130129310398,-4.31346561511366,-0.0116540805052059,0.532864236975656,0.741576081011784,0.965159377654626,0.540632036994024
"LBPSEMA4BRAIN576",6.72549880269726,-2.70090691626581,-2.52795483323819,1.83907713119258,-2.0039839980803,4.87060462170094,0.0770461309181114,1.3114194625378,1.1515376526436
"LBPSEMA4BRAIN577",-4.24133227700542,19.2652888029606,-6.45812118167797,10.5258174162804,-3.49209404753861,2.10023078852585,2.46944426995515,-0.0297967106297196,-1.48152673556568
"LBPSEMA4BRAIN578",-1.25171374029759,-5.0298299974577,2.155446694023,1.67644450935764,1.51723766637997,-3.05156435589702,1.97813127324758,3.98989130290745,-0.390355081847958
"LBPSEMA4BRAIN583",-0.7702820691526,-6.88069011986829,0.467898182934396,0.256425193440767,0.648676032737764,-1.42283939805146,2.01558684927106,2.54327525663678,1.56174882705232
"LBPSEMA4BRAIN586",7.7249410305929,1.07335291850719,3.05908963098157,0.564650395462727,-0.326126437353367,6.0696042541241,-0.511502605300346,-2.09594754628006,1.76556906618756
"LBPSEMA4BRAIN589",-17.3288324419624,-1.49592773818575,-2.47629438782649,-4.56573061555982,-1.30698146568838,-1.30599576851683,0.621600126016638,0.571466247521282,-0.00720848323832699
"LBPSEMA4BRAIN591",-6.43797438063046,13.6081901543959,-1.9185797596834,4.64180848908648,-2.26518018184864,-1.03051218516116,2.64390591954608,0.101278454099566,2.67428919299472
"LBPSEMA4BRAIN594",-7.43076714178315,0.0257349797389969,-4.08335424638685,-4.39287880781364,-0.881050828300766,-0.814819361695703,0.709108644406863,-0.324876476651491,-1.01292143545473
"LBPSEMA4BRAIN596",6.08457330870956,8.5585544657491,-10.6043659567366,-1.97797287416461,4.23889972743188,-2.33938052957222,-0.156117226027598,-0.482967435765875,-2.01732527232517
"LBPSEMA4BRAIN597",-13.1122452413377,-3.79299536892229,0.831947950439783,4.62269799991447,-0.229482450399035,-0.987426564646182,0.81660091389703,2.10712149223541,0.783530761441715
"LBPSEMA4BRAIN605",-1.44517644592347,-2.83949038779264,1.7780747798266,6.59602119780893,3.94611311780746,-0.991223220929958,-0.596434786908188,0.42098972020347,-0.412915073878499
"LBPSEMA4BRAIN611",13.4646616758506,10.2043376427667,4.66782266659005,-1.39358817051711,-0.577422760087194,-0.537129280912058,-1.52512202140714,0.155554472111478,1.15417740614005
"LBPSEMA4BRAIN615",-7.09906568560596,4.62125723634274,-4.95060192176483,-0.353201847650001,-0.0938852803073351,-0.95356649447249,1.35628180980151,3.23877913504591,-0.115925188811834
"LBPSEMA4BRAIN617",5.11688197332246,1.89524038329604,6.1893650948342,-0.264033496041511,-3.90531035357775,-1.52539284896915,0.210060921377374,-1.21118445623729,2.21682015806377
"LBPSEMA4BRAIN618",-29.7761407071877,-3.27475116699922,3.76290019263236,-3.15524545157743,-1.23758228143194,0.218727417313172,-2.58051148730068,-1.31267290769386,2.17699318552811
"LBPSEMA4BRAIN619",-19.303458637179,-0.94465758386743,5.5092900900982,-3.22585455494538,7.60847064178942,2.04034474748808,-1.48915723706531,-1.8871330474955,-0.10865222671275
"LBPSEMA4BRAIN624",18.0150559037306,-1.50684387469096,-0.830166138236044,-3.37377084925846,2.88096263071363,1.19046617857919,-0.717571907433045,-2.92631823214604,-0.500219804624722
"LBPSEMA4BRAIN625",13.5357391715669,-0.533035432242306,-4.69509905200348,-3.53148195088425,-1.25104389807557,2.82186232375195,-1.42802080401305,-2.67969581001759,0.862815450434408
"LBPSEMA4BRAIN633",2.99109004505686,-4.80715862455882,-1.68014332607878,-0.704840804072286,-2.50285829806719,0.190718389104009,1.38022637761764,2.4579815556658,1.23744782377839
"LBPSEMA4BRAIN638",0.501335568458777,-3.66834402032068,0.129377069534934,6.63769919215545,2.45352566637519,-1.49255740739508,0.400626494478929,-1.6573090269974,-1.53203693096425
"LBPSEMA4BRAIN642",25.9270530400787,-2.44191737727706,-3.64976365690277,-2.46062855185435,0.932898914479668,-3.3743266270215,0.273301201664189,-1.4026262953795,0.568237027164952
"LBPSEMA4BRAIN644",14.3431029171968,4.32852444779308,3.1217083911757,4.49641965827474,-4.1554347326579,1.85331824203562,1.1825503991032,2.3515086917242,3.08589144125634
"LBPSEMA4BRAIN645",10.2842379173026,-1.92439653492486,-3.06899529130331,-3.06724391342929,1.97196732566271,2.50825326287706,-0.353078408589602,-0.365332145219754,-0.0712983401425383
"LBPSEMA4BRAIN650",-12.7525807832063,-3.73596015918065,2.96407026363168,6.98435778227195,1.7413573831756,-0.498657294620989,-0.1532296425405,2.78298895387598,0.275946308259444
"LBPSEMA4BRAIN655",-10.7025686101545,-2.70618151078072,-1.0535959803993,3.80077023056954,-2.5089419188536,0.299352609036396,0.0366220377479795,0.349636617313357,0.625045157256089
"LBPSEMA4BRAIN659",8.89875903415238,-3.63680668338544,-2.75302172528267,3.76411906925218,-2.86077985164583,-0.0818387242447193,-0.362562110551475,1.37008836201874,1.17974068078511
"LBPSEMA4BRAIN661",-0.0750053375701393,-5.0489573392273,-1.0767928672014,-0.367201837557014,-2.71966762448912,2.49474717470428,-2.56905341827317,-0.192422519269059,1.96897264107303
"LBPSEMA4BRAIN662",3.03821253606152,3.24589429540405,-7.24699010975597,1.57015829935488,-1.97612338475287,3.0816285624929,-4.10591682501349,1.50838755063837,-1.24893853912704
"LBPSEMA4BRAIN663",7.107955210514,-3.28901952160779,-3.33277561679897,-3.85666793341452,-1.41774437642729,1.10112865596751,-0.0586628854055861,-1.09826326481187,1.52189805348949
"LBPSEMA4BRAIN664",-1.3277564635939,-2.66485586811761,-1.4812320958561,1.53103441347375,-4.33170073793934,1.61301510002768,-2.38468719451901,0.0240262859996556,-4.20935808937226
"LBPSEMA4BRAIN667",16.248621697646,-3.9308375532153,-2.81189227378926,3.18400210169609,-0.270430698366699,-1.80544763520338,-1.93924377734677,0.268834037613001,0.180758799589505
"LBPSEMA4BRAIN675",18.8373651132092,-0.5720912308022,-3.83158679622924,7.53502872890338,0.0107836750671431,0.913865738488499,-5.94766210021776,1.49430805161143,0.930157092114709
"LBPSEMA4BRAIN678",-7.90634594800664,-5.86893302500064,3.98504995569973,3.92549655723564,1.29954698483606,-1.17041915327198,0.167706657141303,-0.026952725324165,0.188189587634939
"LBPSEMA4BRAIN679",0.502457726563701,3.1925255739557,6.26551714273915,-3.12208798081375,-4.35003769928386,1.74780672736774,0.18122618850585,-0.700895821385353,-3.46325264712708
"LBPSEMA4BRAIN680",18.0764846537381,-2.12718495371064,-0.612339965487331,2.65289919857054,3.83556509017574,2.84127551660606,1.09986116792767,0.445381331714955,0.66264584686296
"LBPSEMA4BRAIN681",-11.4538466876695,10.9332036699562,7.6535047946463,-0.899052313833,-3.66483634262809,1.24704803946018,0.119559967381493,-1.29563451435412,2.68167353322113
"LBPSEMA4BRAIN684",-20.4351394055899,-5.46232469967977,4.805630999364,-1.93459416651036,0.825857441780937,0.968287082215048,-4.01811075666983,-4.17756071302781,-0.92616222950202
"LBPSEMA4BRAIN689",-13.622855348683,-6.6833960906936,4.01987738468119,-3.16152911215984,-1.13155656104803,0.13322471675514,1.79411443113388,-0.146019785317542,2.35376882970953
"LBPSEMA4BRAIN691",-12.1729942837762,6.4794606284665,-7.25813857151365,-0.110761002347429,4.70342157951316,-2.56748484576182,-0.0489226902780448,-1.06950701444044,0.672496743242505
"LBPSEMA4BRAIN695",-11.5380553050227,0.921792281076703,-3.39648814540651,-0.347115541848745,-1.13481223849622,0.666266047513204,-0.621562151403073,-0.322102239713581,-1.81503239646566
"LBPSEMA4BRAIN702",4.77781290474561,-3.81740495703131,-1.16486769568494,-2.88994999852883,0.360840541807865,2.62367391889555,-1.1721936053781,1.86352012097032,0.0281486241064082
"LBPSEMA4BRAIN703",4.04441416786109,3.83726120218656,3.84539822859992,-1.96608525388539,-5.17708057476471,0.932598500950777,0.672228943681818,-0.533772162123445,0.661453961548649
"LBPSEMA4BRAIN706",13.3460871382612,-2.42723647792125,0.631119690610329,1.53710558385862,-0.484615460381569,4.34161277529023,6.69495664017768,-0.919339472711274,0.84190013349807
"LBPSEMA4BRAIN708",13.9442120720165,3.88143967306272,4.79762355908733,-3.03466167518226,-0.0406606416879261,-0.0391252218143975,-0.758794828364732,0.576213827475609,0.369935244875744
"LBPSEMA4BRAIN709",-7.28787201371824,-6.83509257296263,6.88823900426864,4.59155225122085,0.668865381242709,-1.41890561539892,-0.848329486153132,0.241422307549034,0.445096980650317
"LBPSEMA4BRAIN712",-8.18628801519927,7.11463506021874,-6.83628804093486,-1.22583629260821,3.67211131445627,-3.33439276864551,1.08194304337205,-1.49027554558319,-0.79083713849117
"LBPSEMA4BRAIN713",-1.13994813234731,9.97479484528755,4.87635553411559,-2.81496839755568,-3.1069584736668,1.67069010772783,-1.29817788764701,0.397574509964978,1.0676084681929
"LBPSEMA4BRAIN716",14.8316724753338,-2.32425848640577,-1.6611061547632,5.07491291320145,0.850862995348953,-1.53097814698179,-2.17236191412587,0.671170589134123,0.477430637373953
"LBPSEMA4BRAIN718",-1.54759135314475,1.00622717885628,11.0751736853761,-5.56381749535853,3.70852762118185,0.590641284257924,-3.97230089264478,-1.12268948670566,-5.33139212209031
"LBPSEMA4BRAIN719",17.6838111939122,1.86707150511576,-5.54697740328341,-4.97756143335654,0.240855659075733,5.09986420399985,-2.25422359294603,-1.76848783155328,1.47496063425758
"LBPSEMA4BRAIN724",-11.8566807255386,-1.70337288112137,-0.589241976598967,-1.39500464768281,-1.97810905136797,3.50259399283183,-3.31202440179463,1.26673775279624,-0.795258218096984
"LBPSEMA4BRAIN726",21.0530538626924,-2.34636485789929,2.97518926566982,0.282242796159605,2.16560837687518,1.33275800748624,6.05155986890972,-1.86092753788203,0.711556646799897
"LBPSEMA4BRAIN727",-14.4115675987397,-4.35783273009647,2.94610073964403,-7.52508226747742,0.192933038708392,0.430664330914635,-0.756507512388725,0.633091541625046,0.263205975889178
"LBPSEMA4BRAIN729",2.87063214838802,-2.99200318222675,3.3572499782387,3.80464926389911,1.41670788965976,-0.719098204614159,0.075453713776632,2.9712003576952,1.16980560228702
"LBPSEMA4BRAIN735",-9.12895733727667,-4.42643597542041,-0.466156226399448,-2.3308064460148,-3.85299854616096,-1.60840972770238,-1.18082790830696,-2.19591073784943,1.76698626226972
"LBPSEMA4BRAIN740",-0.274344548768335,-5.57954268818774,2.93192764590815,10.9262955164052,2.22066797504062,-0.87491679792818,-1.33827973662402,2.4417856361046,-0.70180273923359
"LBPSEMA4BRAIN741",15.6737552094515,4.8826299282649,1.31908054160999,-1.15498464622555,-2.88739501476678,-1.97404667127562,1.93515406077288,0.285077849365249,1.56869534293596
"LBPSEMA4BRAIN742",-16.8780878949649,0.0888581417150441,-0.505851542303488,2.20708352528712,1.96546082434346,-1.87563820786703,2.29768053968576,2.04617829161325,0.373655317220564
"LBPSEMA4BRAIN747",-10.5799245932457,1.27989107480142,1.15639846444035,-3.19979551447384,1.9561149999462,0.935751513853658,0.269594720061139,2.95098040057129,1.62852387943326
"LBPSEMA4BRAIN748",37.5767177433479,14.8979814176363,3.30058069016129,-1.11888666911121,6.82006678004943,-4.36812010408197,-3.57108800005807,2.31006894216784,0.598012323095307
"LBPSEMA4BRAIN749",-4.20511297248826,-5.3111859289223,2.49702294363613,6.24034449806303,-0.953805958525413,1.31766133460523,-3.54061520301344,-0.252166267882338,0.551294767238603
"LBPSEMA4BRAIN753",7.02697894801571,-4.20091842318595,3.78737833284764,1.03390328160522,1.3937354487037,4.83669435509388,5.75319238996885,-2.5587726242808,0.550532975501875
"LBPSEMA4BRAIN758",-5.82110624976538,-4.22333547411301,-0.765817380420026,1.04884901364139,-4.39023809797577,-0.801109100053549,-1.88211280819513,-1.88727782381305,0.829816239363845
"LBPSEMA4BRAIN761",3.81856771480684,-3.2880031006493,-0.455407219050517,-2.63880834815792,1.1607742411953,-2.06422202790571,2.14164471413991,2.88347455273476,-0.853485128090613
"LBPSEMA4BRAIN764",-10.9125669770284,6.20873292435115,5.21177908001062,0.0117555328338842,-4.9997200683993,3.08022007069513,1.22770579346104,0.0559732839752084,-3.46193519385922
"LBPSEMA4BRAIN765",17.1432350943703,5.39964595984166,1.90307790363799,-1.15098192303013,-3.89985685205525,1.68620069287067,2.8679824376478,1.204858020431,-3.19788399233541
"LBPSEMA4BRAIN767",1.1012149150898,-2.70772847530192,-2.1022020369022,-5.11685575426715,-0.656272730122647,0.139166024381732,-3.05237992066952,-0.951279585722951,-0.82303934041867
"LBPSEMA4BRAIN769",-1.94139195393207,9.52995277655408,3.18735288229169,5.67628917589344,-2.95108755984055,-1.59610018565103,2.11867153235956,1.27000116390853,2.5489025005103
"LBPSEMA4BRAIN777",-20.8063945938931,2.11459080990188,-2.01065435577884,-1.71728616811764,0.221140142220317,-0.0258320319216999,0.565592143219515,1.95399006948245,-0.0766527429818224
"LBPSEMA4BRAIN781",-12.8667632721377,-2.57032083475604,-0.561429662702963,-6.69187669178756,-0.585760401005,-2.52945374705662,-0.00646328683860729,0.957238505270319,-0.26066536059866
"LBPSEMA4BRAIN782",17.2919192522865,0.158536642368865,-3.54385609242728,-0.929248712544838,-0.068422464998607,4.81602151120326,-1.50731792854582,0.220758353461125,1.03857635616707
"LBPSEMA4BRAIN783",-12.3901550758359,-1.62911743936596,-1.94461008923216,1.03077122702202,-0.985183556269848,3.27521191506153,-0.0161376546934106,1.01570123126515,0.595355577799137
"LBPSEMA4BRAIN787",5.02706192483742,9.36428653039537,7.7609344649087,-2.66879698622193,-2.56658062542181,0.529832042746239,-2.19868673723484,0.469853375069493,1.74587400867718
"LBPSEMA4BRAIN789",12.5031106490923,6.13633447804293,-5.00955306369086,2.11071255065309,2.40755005387824,2.90890448525543,-1.42817213476029,-1.15905773157034,-0.332269035491153
"LBPSEMA4BRAIN790",10.4223895694233,-4.21631113525017,-0.861499339726088,0.0587027909978206,-2.56682754581254,-2.87498397724807,1.54304735199044,-0.552292150075713,-4.53354387266248
